<?xml version="1.0"?>
<COLLADA xmlns="http://www.collada.org/2005/11/COLLADASchema" version="1.4.1"><asset><created>2026-09-16T00:00:00Z</created><modified>2026-09-16T00:00:00Z</modified><unit name="meter" meter="1"/><up_axis>Z_UP</up_axis></asset><library_geometries><geometry id="shell"><mesh><source id="positions"><float_array id="positions-data" count="3042">-0.4239230 -0.4239230 -0.4239230 -0.4389887 -0.3839013 -0.4389887 -0.4471050 -0.3294152 -0.4471050 -0.4472792 -0.2500000 -0.4472792 -0.4472792 -0.1666667 -0.4472792 -0.4472792 -0.0833333 -0.4472792 -0.4472792 0.0000000 -0.4472792 -0.4472792 0.0833333 -0.4472792 -0.4472792 0.1666667 -0.4472792 -0.4472792 0.2500000 -0.4472792 -0.4471050 0.3294152 -0.4471050 -0.4389887 0.3839013 -0.4389887 -0.4239230 0.4239230 -0.4239230 -0.4389887 -0.4389887 -0.3839013 -0.4633447 -0.3969814 -0.3969814 -0.4782424 -0.3317217 -0.4049820 -0.4785790 -0.2500000 -0.4051628 -0.4785790 -0.1666667 -0.4051628 -0.4785790 -0.0833333 -0.4051628 -0.4785790 0.0000000 -0.4051628 -0.4785790 0.0833333 -0.4051628 -0.4785790 0.1666667 -0.4051628 -0.4785790 0.2500000 -0.4051628 -0.4782424 0.3317217 -0.4049820 -0.4633447 0.3969814 -0.3969814 -0.4389887 0.4389887 -0.3839013 -0.4471050 -0.4471050 -0.3294152 -0.4782424 -0.4049820 -0.3317217 -0.4990204 -0.3332608 -0.3332608 -0.4995082 -0.2500000 -0.3332969 -0.4995082 -0.1666667 -0.3332969 -0.4995082 -0.0833333 -0.3332969 -0.4995082 0.0000000 -0.3332969 -0.4995082 0.0833333 -0.3332969 -0.4995082 0.1666667 -0.3332969 -0.4995082 0.2500000 -0.3332969 -0.4990204 0.3332608 -0.3332608 -0.4782424 0.4049820 -0.3317217 -0.4471050 0.4471050 -0.3294152 -0.4472792 -0.4472792 -0.2500000 -0.4785790 -0.4051628 -0.2500000 -0.4995082 -0.3332969 -0.2500000 -0.5000000 -0.2500000 -0.2500000 -0.5000000 -0.1666667 -0.2500000 -0.5000000 -0.0833333 -0.2500000 -0.5000000 0.0000000 -0.2500000 -0.5000000 0.0833333 -0.2500000 -0.5000000 0.1666667 -0.2500000 -0.5000000 0.2500000 -0.2500000 -0.4995082 0.3332969 -0.2500000 -0.4785790 0.4051628 -0.2500000 -0.4472792 0.4472792 -0.2500000 -0.4472792 -0.4472792 -0.1666667 -0.4785790 -0.4051628 -0.1666667 -0.4995082 -0.3332969 -0.1666667 -0.5000000 -0.2500000 -0.1666667 -0.5000000 -0.1666667 -0.1666667 -0.5000000 -0.0833333 -0.1666667 -0.5000000 0.0000000 -0.1666667 -0.5000000 0.0833333 -0.1666667 -0.5000000 0.1666667 -0.1666667 -0.5000000 0.2500000 -0.1666667 -0.4995082 0.3332969 -0.1666667 -0.4785790 0.4051628 -0.1666667 -0.4472792 0.4472792 -0.1666667 -0.4472792 -0.4472792 -0.0833333 -0.4785790 -0.4051628 -0.0833333 -0.4995082 -0.3332969 -0.0833333 -0.5000000 -0.2500000 -0.0833333 -0.5000000 -0.1666667 -0.0833333 -0.5000000 -0.0833333 -0.0833333 -0.5000000 0.0000000 -0.0833333 -0.5000000 0.0833333 -0.0833333 -0.5000000 0.1666667 -0.0833333 -0.5000000 0.2500000 -0.0833333 -0.4995082 0.3332969 -0.0833333 -0.4785790 0.4051628 -0.0833333 -0.4472792 0.4472792 -0.0833333 -0.4472792 -0.4472792 0.0000000 -0.4785790 -0.4051628 0.0000000 -0.4995082 -0.3332969 0.0000000 -0.5000000 -0.2500000 0.0000000 -0.5000000 -0.1666667 0.0000000 -0.5000000 -0.0833333 0.0000000 -0.5000000 0.0000000 0.0000000 -0.5000000 0.0833333 0.0000000 -0.5000000 0.1666667 0.0000000 -0.5000000 0.2500000 0.0000000 -0.4995082 0.3332969 0.0000000 -0.4785790 0.4051628 0.0000000 -0.4472792 0.4472792 0.0000000 -0.4472792 -0.4472792 0.0833333 -0.4785790 -0.4051628 0.0833333 -0.4995082 -0.3332969 0.0833333 -0.5000000 -0.2500000 0.0833333 -0.5000000 -0.1666667 0.0833333 -0.5000000 -0.0833333 0.0833333 -0.5000000 0.0000000 0.0833333 -0.5000000 0.0833333 0.0833333 -0.5000000 0.1666667 0.0833333 -0.5000000 0.2500000 0.0833333 -0.4995082 0.3332969 0.0833333 -0.4785790 0.4051628 0.0833333 -0.4472792 0.4472792 0.0833333 -0.4472792 -0.4472792 0.1666667 -0.4785790 -0.4051628 0.1666667 -0.4995082 -0.3332969 0.1666667 -0.5000000 -0.2500000 0.1666667 -0.5000000 -0.1666667 0.1666667 -0.5000000 -0.0833333 0.1666667 -0.5000000 0.0000000 0.1666667 -0.5000000 0.0833333 0.1666667 -0.5000000 0.1666667 0.1666667 -0.5000000 0.2500000 0.1666667 -0.4995082 0.3332969 0.1666667 -0.4785790 0.4051628 0.1666667 -0.4472792 0.4472792 0.1666667 -0.4472792 -0.4472792 0.2500000 -0.4785790 -0.4051628 0.2500000 -0.4995082 -0.3332969 0.2500000 -0.5000000 -0.2500000 0.2500000 -0.5000000 -0.1666667 0.2500000 -0.5000000 -0.0833333 0.2500000 -0.5000000 0.0000000 0.2500000 -0.5000000 0.0833333 0.2500000 -0.5000000 0.1666667 0.2500000 -0.5000000 0.2500000 0.2500000 -0.4995082 0.3332969 0.2500000 -0.4785790 0.4051628 0.2500000 -0.4472792 0.4472792 0.2500000 -0.4471050 -0.4471050 0.3294152 -0.4782424 -0.4049820 0.3317217 -0.4990204 -0.3332608 0.3332608 -0.4995082 -0.2500000 0.3332969 -0.4995082 -0.1666667 0.3332969 -0.4995082 -0.0833333 0.3332969 -0.4995082 0.0000000 0.3332969 -0.4995082 0.0833333 0.3332969 -0.4995082 0.1666667 0.3332969 -0.4995082 0.2500000 0.3332969 -0.4990204 0.3332608 0.3332608 -0.4782424 0.4049820 0.3317217 -0.4471050 0.4471050 0.3294152 -0.4389887 -0.4389887 0.3839013 -0.4633447 -0.3969814 0.3969814 -0.4782424 -0.3317217 0.4049820 -0.4785790 -0.2500000 0.4051628 -0.4785790 -0.1666667 0.4051628 -0.4785790 -0.0833333 0.4051628 -0.4785790 0.0000000 0.4051628 -0.4785790 0.0833333 0.4051628 -0.4785790 0.1666667 0.4051628 -0.4785790 0.2500000 0.4051628 -0.4782424 0.3317217 0.4049820 -0.4633447 0.3969814 0.3969814 -0.4389887 0.4389887 0.3839013 -0.4239230 -0.4239230 0.4239230 -0.4389887 -0.3839013 0.4389887 -0.4471050 -0.3294152 0.4471050 -0.4472792 -0.2500000 0.4472792 -0.4472792 -0.1666667 0.4472792 -0.4472792 -0.0833333 0.4472792 -0.4472792 0.0000000 0.4472792 -0.4472792 0.0833333 0.4472792 -0.4472792 0.1666667 0.4472792 -0.4472792 0.2500000 0.4472792 -0.4471050 0.3294152 0.4471050 -0.4389887 0.3839013 0.4389887 -0.4239230 0.4239230 0.4239230 0.4239230 -0.4239230 -0.4239230 0.4389887 -0.3839013 -0.4389887 0.4471050 -0.3294152 -0.4471050 0.4472792 -0.2500000 -0.4472792 0.4472792 -0.1666667 -0.4472792 0.4472792 -0.0833333 -0.4472792 0.4472792 0.0000000 -0.4472792 0.4472792 0.0833333 -0.4472792 0.4472792 0.1666667 -0.4472792 0.4472792 0.2500000 -0.4472792 0.4471050 0.3294152 -0.4471050 0.4389887 0.3839013 -0.4389887 0.4239230 0.4239230 -0.4239230 0.4389887 -0.4389887 -0.3839013 0.4633447 -0.3969814 -0.3969814 0.4782424 -0.3317217 -0.4049820 0.4785790 -0.2500000 -0.4051628 0.4785790 -0.1666667 -0.4051628 0.4785790 -0.0833333 -0.4051628 0.4785790 0.0000000 -0.4051628 0.4785790 0.0833333 -0.4051628 0.4785790 0.1666667 -0.4051628 0.4785790 0.2500000 -0.4051628 0.4782424 0.3317217 -0.4049820 0.4633447 0.3969814 -0.3969814 0.4389887 0.4389887 -0.3839013 0.4471050 -0.4471050 -0.3294152 0.4782424 -0.4049820 -0.3317217 0.4990204 -0.3332608 -0.3332608 0.4995082 -0.2500000 -0.3332969 0.4995082 -0.1666667 -0.3332969 0.4995082 -0.0833333 -0.3332969 0.4995082 0.0000000 -0.3332969 0.4995082 0.0833333 -0.3332969 0.4995082 0.1666667 -0.3332969 0.4995082 0.2500000 -0.3332969 0.4990204 0.3332608 -0.3332608 0.4782424 0.4049820 -0.3317217 0.4471050 0.4471050 -0.3294152 0.4472792 -0.4472792 -0.2500000 0.4785790 -0.4051628 -0.2500000 0.4995082 -0.3332969 -0.2500000 0.5000000 -0.2500000 -0.2500000 0.5000000 -0.1666667 -0.2500000 0.5000000 -0.0833333 -0.2500000 0.5000000 0.0000000 -0.2500000 0.5000000 0.0833333 -0.2500000 0.5000000 0.1666667 -0.2500000 0.5000000 0.2500000 -0.2500000 0.4995082 0.3332969 -0.2500000 0.4785790 0.4051628 -0.2500000 0.4472792 0.4472792 -0.2500000 0.4472792 -0.4472792 -0.1666667 0.4785790 -0.4051628 -0.1666667 0.4995082 -0.3332969 -0.1666667 0.5000000 -0.2500000 -0.1666667 0.5000000 -0.1666667 -0.1666667 0.5000000 -0.0833333 -0.1666667 0.5000000 0.0000000 -0.1666667 0.5000000 0.0833333 -0.1666667 0.5000000 0.1666667 -0.1666667 0.5000000 0.2500000 -0.1666667 0.4995082 0.3332969 -0.1666667 0.4785790 0.4051628 -0.1666667 0.4472792 0.4472792 -0.1666667 0.4472792 -0.4472792 -0.0833333 0.4785790 -0.4051628 -0.0833333 0.4995082 -0.3332969 -0.0833333 0.5000000 -0.2500000 -0.0833333 0.5000000 -0.1666667 -0.0833333 0.5000000 -0.0833333 -0.0833333 0.5000000 0.0000000 -0.0833333 0.5000000 0.0833333 -0.0833333 0.5000000 0.1666667 -0.0833333 0.5000000 0.2500000 -0.0833333 0.4995082 0.3332969 -0.0833333 0.4785790 0.4051628 -0.0833333 0.4472792 0.4472792 -0.0833333 0.4472792 -0.4472792 0.0000000 0.4785790 -0.4051628 0.0000000 0.4995082 -0.3332969 0.0000000 0.5000000 -0.2500000 0.0000000 0.5000000 -0.1666667 0.0000000 0.5000000 -0.0833333 0.0000000 0.5000000 0.0000000 0.0000000 0.5000000 0.0833333 0.0000000 0.5000000 0.1666667 0.0000000 0.5000000 0.2500000 0.0000000 0.4995082 0.3332969 0.0000000 0.4785790 0.4051628 0.0000000 0.4472792 0.4472792 0.0000000 0.4472792 -0.4472792 0.0833333 0.4785790 -0.4051628 0.0833333 0.4995082 -0.3332969 0.0833333 0.5000000 -0.2500000 0.0833333 0.5000000 -0.1666667 0.0833333 0.5000000 -0.0833333 0.0833333 0.5000000 0.0000000 0.0833333 0.5000000 0.0833333 0.0833333 0.5000000 0.1666667 0.0833333 0.5000000 0.2500000 0.0833333 0.4995082 0.3332969 0.0833333 0.4785790 0.4051628 0.0833333 0.4472792 0.4472792 0.0833333 0.4472792 -0.4472792 0.1666667 0.4785790 -0.4051628 0.1666667 0.4995082 -0.3332969 0.1666667 0.5000000 -0.2500000 0.1666667 0.5000000 -0.1666667 0.1666667 0.5000000 -0.0833333 0.1666667 0.5000000 0.0000000 0.1666667 0.5000000 0.0833333 0.1666667 0.5000000 0.1666667 0.1666667 0.5000000 0.2500000 0.1666667 0.4995082 0.3332969 0.1666667 0.4785790 0.4051628 0.1666667 0.4472792 0.4472792 0.1666667 0.4472792 -0.4472792 0.2500000 0.4785790 -0.4051628 0.2500000 0.4995082 -0.3332969 0.2500000 0.5000000 -0.2500000 0.2500000 0.5000000 -0.1666667 0.2500000 0.5000000 -0.0833333 0.2500000 0.5000000 0.0000000 0.2500000 0.5000000 0.0833333 0.2500000 0.5000000 0.1666667 0.2500000 0.5000000 0.2500000 0.2500000 0.4995082 0.3332969 0.2500000 0.4785790 0.4051628 0.2500000 0.4472792 0.4472792 0.2500000 0.4471050 -0.4471050 0.3294152 0.4782424 -0.4049820 0.3317217 0.4990204 -0.3332608 0.3332608 0.4995082 -0.2500000 0.3332969 0.4995082 -0.1666667 0.3332969 0.4995082 -0.0833333 0.3332969 0.4995082 0.0000000 0.3332969 0.4995082 0.0833333 0.3332969 0.4995082 0.1666667 0.3332969 0.4995082 0.2500000 0.3332969 0.4990204 0.3332608 0.3332608 0.4782424 0.4049820 0.3317217 0.4471050 0.4471050 0.3294152 0.4389887 -0.4389887 0.3839013 0.4633447 -0.3969814 0.3969814 0.4782424 -0.3317217 0.4049820 0.4785790 -0.2500000 0.4051628 0.4785790 -0.1666667 0.4051628 0.4785790 -0.0833333 0.4051628 0.4785790 0.0000000 0.4051628 0.4785790 0.0833333 0.4051628 0.4785790 0.1666667 0.4051628 0.4785790 0.2500000 0.4051628 0.4782424 0.3317217 0.4049820 0.4633447 0.3969814 0.3969814 0.4389887 0.4389887 0.3839013 0.4239230 -0.4239230 0.4239230 0.4389887 -0.3839013 0.4389887 0.4471050 -0.3294152 0.4471050 0.4472792 -0.2500000 0.4472792 0.4472792 -0.1666667 0.4472792 0.4472792 -0.0833333 0.4472792 0.4472792 0.0000000 0.4472792 0.4472792 0.0833333 0.4472792 0.4472792 0.1666667 0.4472792 0.4472792 0.2500000 0.4472792 0.4471050 0.3294152 0.4471050 0.4389887 0.3839013 0.4389887 0.4239230 0.4239230 0.4239230 -0.4239230 -0.4239230 -0.4239230 -0.4389887 -0.4389887 -0.3839013 -0.4471050 -0.4471050 -0.3294152 -0.4472792 -0.4472792 -0.2500000 -0.4472792 -0.4472792 -0.1666667 -0.4472792 -0.4472792 -0.0833333 -0.4472792 -0.4472792 0.0000000 -0.4472792 -0.4472792 0.0833333 -0.4472792 -0.4472792 0.1666667 -0.4472792 -0.4472792 0.2500000 -0.4471050 -0.4471050 0.3294152 -0.4389887 -0.4389887 0.3839013 -0.4239230 -0.4239230 0.4239230 -0.3839013 -0.4389887 -0.4389887 -0.3969814 -0.4633447 -0.3969814 -0.4049820 -0.4782424 -0.3317217 -0.4051628 -0.4785790 -0.2500000 -0.4051628 -0.4785790 -0.1666667 -0.4051628 -0.4785790 -0.0833333 -0.4051628 -0.4785790 0.0000000 -0.4051628 -0.4785790 0.0833333 -0.4051628 -0.4785790 0.1666667 -0.4051628 -0.4785790 0.2500000 -0.4049820 -0.4782424 0.3317217 -0.3969814 -0.4633447 0.3969814 -0.3839013 -0.4389887 0.4389887 -0.3294152 -0.4471050 -0.4471050 -0.3317217 -0.4782424 -0.4049820 -0.3332608 -0.4990204 -0.3332608 -0.3332969 -0.4995082 -0.2500000 -0.3332969 -0.4995082 -0.1666667 -0.3332969 -0.4995082 -0.0833333 -0.3332969 -0.4995082 0.0000000 -0.3332969 -0.4995082 0.0833333 -0.3332969 -0.4995082 0.1666667 -0.3332969 -0.4995082 0.2500000 -0.3332608 -0.4990204 0.3332608 -0.3317217 -0.4782424 0.4049820 -0.3294152 -0.4471050 0.4471050 -0.2500000 -0.4472792 -0.4472792 -0.2500000 -0.4785790 -0.4051628 -0.2500000 -0.4995082 -0.3332969 -0.2500000 -0.5000000 -0.2500000 -0.2500000 -0.5000000 -0.1666667 -0.2500000 -0.5000000 -0.0833333 -0.2500000 -0.5000000 0.0000000 -0.2500000 -0.5000000 0.0833333 -0.2500000 -0.5000000 0.1666667 -0.2500000 -0.5000000 0.2500000 -0.2500000 -0.4995082 0.3332969 -0.2500000 -0.4785790 0.4051628 -0.2500000 -0.4472792 0.4472792 -0.1666667 -0.4472792 -0.4472792 -0.1666667 -0.4785790 -0.4051628 -0.1666667 -0.4995082 -0.3332969 -0.1666667 -0.5000000 -0.2500000 -0.1666667 -0.5000000 -0.1666667 -0.1666667 -0.5000000 -0.0833333 -0.1666667 -0.5000000 0.0000000 -0.1666667 -0.5000000 0.0833333 -0.1666667 -0.5000000 0.1666667 -0.1666667 -0.5000000 0.2500000 -0.1666667 -0.4995082 0.3332969 -0.1666667 -0.4785790 0.4051628 -0.1666667 -0.4472792 0.4472792 -0.0833333 -0.4472792 -0.4472792 -0.0833333 -0.4785790 -0.4051628 -0.0833333 -0.4995082 -0.3332969 -0.0833333 -0.5000000 -0.2500000 -0.0833333 -0.5000000 -0.1666667 -0.0833333 -0.5000000 -0.0833333 -0.0833333 -0.5000000 0.0000000 -0.0833333 -0.5000000 0.0833333 -0.0833333 -0.5000000 0.1666667 -0.0833333 -0.5000000 0.2500000 -0.0833333 -0.4995082 0.3332969 -0.0833333 -0.4785790 0.4051628 -0.0833333 -0.4472792 0.4472792 0.0000000 -0.4472792 -0.4472792 0.0000000 -0.4785790 -0.4051628 0.0000000 -0.4995082 -0.3332969 0.0000000 -0.5000000 -0.2500000 0.0000000 -0.5000000 -0.1666667 0.0000000 -0.5000000 -0.0833333 0.0000000 -0.5000000 0.0000000 0.0000000 -0.5000000 0.0833333 0.0000000 -0.5000000 0.1666667 0.0000000 -0.5000000 0.2500000 0.0000000 -0.4995082 0.3332969 0.0000000 -0.4785790 0.4051628 0.0000000 -0.4472792 0.4472792 0.0833333 -0.4472792 -0.4472792 0.0833333 -0.4785790 -0.4051628 0.0833333 -0.4995082 -0.3332969 0.0833333 -0.5000000 -0.2500000 0.0833333 -0.5000000 -0.1666667 0.0833333 -0.5000000 -0.0833333 0.0833333 -0.5000000 0.0000000 0.0833333 -0.5000000 0.0833333 0.0833333 -0.5000000 0.1666667 0.0833333 -0.5000000 0.2500000 0.0833333 -0.4995082 0.3332969 0.0833333 -0.4785790 0.4051628 0.0833333 -0.4472792 0.4472792 0.1666667 -0.4472792 -0.4472792 0.1666667 -0.4785790 -0.4051628 0.1666667 -0.4995082 -0.3332969 0.1666667 -0.5000000 -0.2500000 0.1666667 -0.5000000 -0.1666667 0.1666667 -0.5000000 -0.0833333 0.1666667 -0.5000000 0.0000000 0.1666667 -0.5000000 0.0833333 0.1666667 -0.5000000 0.1666667 0.1666667 -0.5000000 0.2500000 0.1666667 -0.4995082 0.3332969 0.1666667 -0.4785790 0.4051628 0.1666667 -0.4472792 0.4472792 0.2500000 -0.4472792 -0.4472792 0.2500000 -0.4785790 -0.4051628 0.2500000 -0.4995082 -0.3332969 0.2500000 -0.5000000 -0.2500000 0.2500000 -0.5000000 -0.1666667 0.2500000 -0.5000000 -0.0833333 0.2500000 -0.5000000 0.0000000 0.2500000 -0.5000000 0.0833333 0.2500000 -0.5000000 0.1666667 0.2500000 -0.5000000 0.2500000 0.2500000 -0.4995082 0.3332969 0.2500000 -0.4785790 0.4051628 0.2500000 -0.4472792 0.4472792 0.3294152 -0.4471050 -0.4471050 0.3317217 -0.4782424 -0.4049820 0.3332608 -0.4990204 -0.3332608 0.3332969 -0.4995082 -0.2500000 0.3332969 -0.4995082 -0.1666667 0.3332969 -0.4995082 -0.0833333 0.3332969 -0.4995082 0.0000000 0.3332969 -0.4995082 0.0833333 0.3332969 -0.4995082 0.1666667 0.3332969 -0.4995082 0.2500000 0.3332608 -0.4990204 0.3332608 0.3317217 -0.4782424 0.4049820 0.3294152 -0.4471050 0.4471050 0.3839013 -0.4389887 -0.4389887 0.3969814 -0.4633447 -0.3969814 0.4049820 -0.4782424 -0.3317217 0.4051628 -0.4785790 -0.2500000 0.4051628 -0.4785790 -0.1666667 0.4051628 -0.4785790 -0.0833333 0.4051628 -0.4785790 0.0000000 0.4051628 -0.4785790 0.0833333 0.4051628 -0.4785790 0.1666667 0.4051628 -0.4785790 0.2500000 0.4049820 -0.4782424 0.3317217 0.3969814 -0.4633447 0.3969814 0.3839013 -0.4389887 0.4389887 0.4239230 -0.4239230 -0.4239230 0.4389887 -0.4389887 -0.3839013 0.4471050 -0.4471050 -0.3294152 0.4472792 -0.4472792 -0.2500000 0.4472792 -0.4472792 -0.1666667 0.4472792 -0.4472792 -0.0833333 0.4472792 -0.4472792 0.0000000 0.4472792 -0.4472792 0.0833333 0.4472792 -0.4472792 0.1666667 0.4472792 -0.4472792 0.2500000 0.4471050 -0.4471050 0.3294152 0.4389887 -0.4389887 0.3839013 0.4239230 -0.4239230 0.4239230 -0.4239230 0.4239230 -0.4239230 -0.4389887 0.4389887 -0.3839013 -0.4471050 0.4471050 -0.3294152 -0.4472792 0.4472792 -0.2500000 -0.4472792 0.4472792 -0.1666667 -0.4472792 0.4472792 -0.0833333 -0.4472792 0.4472792 0.0000000 -0.4472792 0.4472792 0.0833333 -0.4472792 0.4472792 0.1666667 -0.4472792 0.4472792 0.2500000 -0.4471050 0.4471050 0.3294152 -0.4389887 0.4389887 0.3839013 -0.4239230 0.4239230 0.4239230 -0.3839013 0.4389887 -0.4389887 -0.3969814 0.4633447 -0.3969814 -0.4049820 0.4782424 -0.3317217 -0.4051628 0.4785790 -0.2500000 -0.4051628 0.4785790 -0.1666667 -0.4051628 0.4785790 -0.0833333 -0.4051628 0.4785790 0.0000000 -0.4051628 0.4785790 0.0833333 -0.4051628 0.4785790 0.1666667 -0.4051628 0.4785790 0.2500000 -0.4049820 0.4782424 0.3317217 -0.3969814 0.4633447 0.3969814 -0.3839013 0.4389887 0.4389887 -0.3294152 0.4471050 -0.4471050 -0.3317217 0.4782424 -0.4049820 -0.3332608 0.4990204 -0.3332608 -0.3332969 0.4995082 -0.2500000 -0.3332969 0.4995082 -0.1666667 -0.3332969 0.4995082 -0.0833333 -0.3332969 0.4995082 0.0000000 -0.3332969 0.4995082 0.0833333 -0.3332969 0.4995082 0.1666667 -0.3332969 0.4995082 0.2500000 -0.3332608 0.4990204 0.3332608 -0.3317217 0.4782424 0.4049820 -0.3294152 0.4471050 0.4471050 -0.2500000 0.4472792 -0.4472792 -0.2500000 0.4785790 -0.4051628 -0.2500000 0.4995082 -0.3332969 -0.2500000 0.5000000 -0.2500000 -0.2500000 0.5000000 -0.1666667 -0.2500000 0.5000000 -0.0833333 -0.2500000 0.5000000 0.0000000 -0.2500000 0.5000000 0.0833333 -0.2500000 0.5000000 0.1666667 -0.2500000 0.5000000 0.2500000 -0.2500000 0.4995082 0.3332969 -0.2500000 0.4785790 0.4051628 -0.2500000 0.4472792 0.4472792 -0.1666667 0.4472792 -0.4472792 -0.1666667 0.4785790 -0.4051628 -0.1666667 0.4995082 -0.3332969 -0.1666667 0.5000000 -0.2500000 -0.1666667 0.5000000 -0.1666667 -0.1666667 0.5000000 -0.0833333 -0.1666667 0.5000000 0.0000000 -0.1666667 0.5000000 0.0833333 -0.1666667 0.5000000 0.1666667 -0.1666667 0.5000000 0.2500000 -0.1666667 0.4995082 0.3332969 -0.1666667 0.4785790 0.4051628 -0.1666667 0.4472792 0.4472792 -0.0833333 0.4472792 -0.4472792 -0.0833333 0.4785790 -0.4051628 -0.0833333 0.4995082 -0.3332969 -0.0833333 0.5000000 -0.2500000 -0.0833333 0.5000000 -0.1666667 -0.0833333 0.5000000 -0.0833333 -0.0833333 0.5000000 0.0000000 -0.0833333 0.5000000 0.0833333 -0.0833333 0.5000000 0.1666667 -0.0833333 0.5000000 0.2500000 -0.0833333 0.4995082 0.3332969 -0.0833333 0.4785790 0.4051628 -0.0833333 0.4472792 0.4472792 0.0000000 0.4472792 -0.4472792 0.0000000 0.4785790 -0.4051628 0.0000000 0.4995082 -0.3332969 0.0000000 0.5000000 -0.2500000 0.0000000 0.5000000 -0.1666667 0.0000000 0.5000000 -0.0833333 0.0000000 0.5000000 0.0000000 0.0000000 0.5000000 0.0833333 0.0000000 0.5000000 0.1666667 0.0000000 0.5000000 0.2500000 0.0000000 0.4995082 0.3332969 0.0000000 0.4785790 0.4051628 0.0000000 0.4472792 0.4472792 0.0833333 0.4472792 -0.4472792 0.0833333 0.4785790 -0.4051628 0.0833333 0.4995082 -0.3332969 0.0833333 0.5000000 -0.2500000 0.0833333 0.5000000 -0.1666667 0.0833333 0.5000000 -0.0833333 0.0833333 0.5000000 0.0000000 0.0833333 0.5000000 0.0833333 0.0833333 0.5000000 0.1666667 0.0833333 0.5000000 0.2500000 0.0833333 0.4995082 0.3332969 0.0833333 0.4785790 0.4051628 0.0833333 0.4472792 0.4472792 0.1666667 0.4472792 -0.4472792 0.1666667 0.4785790 -0.4051628 0.1666667 0.4995082 -0.3332969 0.1666667 0.5000000 -0.2500000 0.1666667 0.5000000 -0.1666667 0.1666667 0.5000000 -0.0833333 0.1666667 0.5000000 0.0000000 0.1666667 0.5000000 0.0833333 0.1666667 0.5000000 0.1666667 0.1666667 0.5000000 0.2500000 0.1666667 0.4995082 0.3332969 0.1666667 0.4785790 0.4051628 0.1666667 0.4472792 0.4472792 0.2500000 0.4472792 -0.4472792 0.2500000 0.4785790 -0.4051628 0.2500000 0.4995082 -0.3332969 0.2500000 0.5000000 -0.2500000 0.2500000 0.5000000 -0.1666667 0.2500000 0.5000000 -0.0833333 0.2500000 0.5000000 0.0000000 0.2500000 0.5000000 0.0833333 0.2500000 0.5000000 0.1666667 0.2500000 0.5000000 0.2500000 0.2500000 0.4995082 0.3332969 0.2500000 0.4785790 0.4051628 0.2500000 0.4472792 0.4472792 0.3294152 0.4471050 -0.4471050 0.3317217 0.4782424 -0.4049820 0.3332608 0.4990204 -0.3332608 0.3332969 0.4995082 -0.2500000 0.3332969 0.4995082 -0.1666667 0.3332969 0.4995082 -0.0833333 0.3332969 0.4995082 0.0000000 0.3332969 0.4995082 0.0833333 0.3332969 0.4995082 0.1666667 0.3332969 0.4995082 0.2500000 0.3332608 0.4990204 0.3332608 0.3317217 0.4782424 0.4049820 0.3294152 0.4471050 0.4471050 0.3839013 0.4389887 -0.4389887 0.3969814 0.4633447 -0.3969814 0.4049820 0.4782424 -0.3317217 0.4051628 0.4785790 -0.2500000 0.4051628 0.4785790 -0.1666667 0.4051628 0.4785790 -0.0833333 0.4051628 0.4785790 0.0000000 0.4051628 0.4785790 0.0833333 0.4051628 0.4785790 0.1666667 0.4051628 0.4785790 0.2500000 0.4049820 0.4782424 0.3317217 0.3969814 0.4633447 0.3969814 0.3839013 0.4389887 0.4389887 0.4239230 0.4239230 -0.4239230 0.4389887 0.4389887 -0.3839013 0.4471050 0.4471050 -0.3294152 0.4472792 0.4472792 -0.2500000 0.4472792 0.4472792 -0.1666667 0.4472792 0.4472792 -0.0833333 0.4472792 0.4472792 0.0000000 0.4472792 0.4472792 0.0833333 0.4472792 0.4472792 0.1666667 0.4472792 0.4472792 0.2500000 0.4471050 0.4471050 0.3294152 0.4389887 0.4389887 0.3839013 0.4239230 0.4239230 0.4239230 -0.4239230 -0.4239230 -0.4239230 -0.3839013 -0.4389887 -0.4389887 -0.3294152 -0.4471050 -0.4471050 -0.2500000 -0.4472792 -0.4472792 -0.1666667 -0.4472792 -0.4472792 -0.0833333 -0.4472792 -0.4472792 0.0000000 -0.4472792 -0.4472792 0.0833333 -0.4472792 -0.4472792 0.1666667 -0.4472792 -0.4472792 0.2500000 -0.4472792 -0.4472792 0.3294152 -0.4471050 -0.4471050 0.3839013 -0.4389887 -0.4389887 0.4239230 -0.4239230 -0.4239230 -0.4389887 -0.3839013 -0.4389887 -0.3969814 -0.3969814 -0.4633447 -0.3317217 -0.4049820 -0.4782424 -0.2500000 -0.4051628 -0.4785790 -0.1666667 -0.4051628 -0.4785790 -0.0833333 -0.4051628 -0.4785790 0.0000000 -0.4051628 -0.4785790 0.0833333 -0.4051628 -0.4785790 0.1666667 -0.4051628 -0.4785790 0.2500000 -0.4051628 -0.4785790 0.3317217 -0.4049820 -0.4782424 0.3969814 -0.3969814 -0.4633447 0.4389887 -0.3839013 -0.4389887 -0.4471050 -0.3294152 -0.4471050 -0.4049820 -0.3317217 -0.4782424 -0.3332608 -0.3332608 -0.4990204 -0.2500000 -0.3332969 -0.4995082 -0.1666667 -0.3332969 -0.4995082 -0.0833333 -0.3332969 -0.4995082 0.0000000 -0.3332969 -0.4995082 0.0833333 -0.3332969 -0.4995082 0.1666667 -0.3332969 -0.4995082 0.2500000 -0.3332969 -0.4995082 0.3332608 -0.3332608 -0.4990204 0.4049820 -0.3317217 -0.4782424 0.4471050 -0.3294152 -0.4471050 -0.4472792 -0.2500000 -0.4472792 -0.4051628 -0.2500000 -0.4785790 -0.3332969 -0.2500000 -0.4995082 -0.2500000 -0.2500000 -0.5000000 -0.1666667 -0.2500000 -0.5000000 -0.0833333 -0.2500000 -0.5000000 0.0000000 -0.2500000 -0.5000000 0.0833333 -0.2500000 -0.5000000 0.1666667 -0.2500000 -0.5000000 0.2500000 -0.2500000 -0.5000000 0.3332969 -0.2500000 -0.4995082 0.4051628 -0.2500000 -0.4785790 0.4472792 -0.2500000 -0.4472792 -0.4472792 -0.1666667 -0.4472792 -0.4051628 -0.1666667 -0.4785790 -0.3332969 -0.1666667 -0.4995082 -0.2500000 -0.1666667 -0.5000000 -0.1666667 -0.1666667 -0.5000000 -0.0833333 -0.1666667 -0.5000000 0.0000000 -0.1666667 -0.5000000 0.0833333 -0.1666667 -0.5000000 0.1666667 -0.1666667 -0.5000000 0.2500000 -0.1666667 -0.5000000 0.3332969 -0.1666667 -0.4995082 0.4051628 -0.1666667 -0.4785790 0.4472792 -0.1666667 -0.4472792 -0.4472792 -0.0833333 -0.4472792 -0.4051628 -0.0833333 -0.4785790 -0.3332969 -0.0833333 -0.4995082 -0.2500000 -0.0833333 -0.5000000 -0.1666667 -0.0833333 -0.5000000 -0.0833333 -0.0833333 -0.5000000 0.0000000 -0.0833333 -0.5000000 0.0833333 -0.0833333 -0.5000000 0.1666667 -0.0833333 -0.5000000 0.2500000 -0.0833333 -0.5000000 0.3332969 -0.0833333 -0.4995082 0.4051628 -0.0833333 -0.4785790 0.4472792 -0.0833333 -0.4472792 -0.4472792 0.0000000 -0.4472792 -0.4051628 0.0000000 -0.4785790 -0.3332969 0.0000000 -0.4995082 -0.2500000 0.0000000 -0.5000000 -0.1666667 0.0000000 -0.5000000 -0.0833333 0.0000000 -0.5000000 0.0000000 0.0000000 -0.5000000 0.0833333 0.0000000 -0.5000000 0.1666667 0.0000000 -0.5000000 0.2500000 0.0000000 -0.5000000 0.3332969 0.0000000 -0.4995082 0.4051628 0.0000000 -0.4785790 0.4472792 0.0000000 -0.4472792 -0.4472792 0.0833333 -0.4472792 -0.4051628 0.0833333 -0.4785790 -0.3332969 0.0833333 -0.4995082 -0.2500000 0.0833333 -0.5000000 -0.1666667 0.0833333 -0.5000000 -0.0833333 0.0833333 -0.5000000 0.0000000 0.0833333 -0.5000000 0.0833333 0.0833333 -0.5000000 0.1666667 0.0833333 -0.5000000 0.2500000 0.0833333 -0.5000000 0.3332969 0.0833333 -0.4995082 0.4051628 0.0833333 -0.4785790 0.4472792 0.0833333 -0.4472792 -0.4472792 0.1666667 -0.4472792 -0.4051628 0.1666667 -0.4785790 -0.3332969 0.1666667 -0.4995082 -0.2500000 0.1666667 -0.5000000 -0.1666667 0.1666667 -0.5000000 -0.0833333 0.1666667 -0.5000000 0.0000000 0.1666667 -0.5000000 0.0833333 0.1666667 -0.5000000 0.1666667 0.1666667 -0.5000000 0.2500000 0.1666667 -0.5000000 0.3332969 0.1666667 -0.4995082 0.4051628 0.1666667 -0.4785790 0.4472792 0.1666667 -0.4472792 -0.4472792 0.2500000 -0.4472792 -0.4051628 0.2500000 -0.4785790 -0.3332969 0.2500000 -0.4995082 -0.2500000 0.2500000 -0.5000000 -0.1666667 0.2500000 -0.5000000 -0.0833333 0.2500000 -0.5000000 0.0000000 0.2500000 -0.5000000 0.0833333 0.2500000 -0.5000000 0.1666667 0.2500000 -0.5000000 0.2500000 0.2500000 -0.5000000 0.3332969 0.2500000 -0.4995082 0.4051628 0.2500000 -0.4785790 0.4472792 0.2500000 -0.4472792 -0.4471050 0.3294152 -0.4471050 -0.4049820 0.3317217 -0.4782424 -0.3332608 0.3332608 -0.4990204 -0.2500000 0.3332969 -0.4995082 -0.1666667 0.3332969 -0.4995082 -0.0833333 0.3332969 -0.4995082 0.0000000 0.3332969 -0.4995082 0.0833333 0.3332969 -0.4995082 0.1666667 0.3332969 -0.4995082 0.2500000 0.3332969 -0.4995082 0.3332608 0.3332608 -0.4990204 0.4049820 0.3317217 -0.4782424 0.4471050 0.3294152 -0.4471050 -0.4389887 0.3839013 -0.4389887 -0.3969814 0.3969814 -0.4633447 -0.3317217 0.4049820 -0.4782424 -0.2500000 0.4051628 -0.4785790 -0.1666667 0.4051628 -0.4785790 -0.0833333 0.4051628 -0.4785790 0.0000000 0.4051628 -0.4785790 0.0833333 0.4051628 -0.4785790 0.1666667 0.4051628 -0.4785790 0.2500000 0.4051628 -0.4785790 0.3317217 0.4049820 -0.4782424 0.3969814 0.3969814 -0.4633447 0.4389887 0.3839013 -0.4389887 -0.4239230 0.4239230 -0.4239230 -0.3839013 0.4389887 -0.4389887 -0.3294152 0.4471050 -0.4471050 -0.2500000 0.4472792 -0.4472792 -0.1666667 0.4472792 -0.4472792 -0.0833333 0.4472792 -0.4472792 0.0000000 0.4472792 -0.4472792 0.0833333 0.4472792 -0.4472792 0.1666667 0.4472792 -0.4472792 0.2500000 0.4472792 -0.4472792 0.3294152 0.4471050 -0.4471050 0.3839013 0.4389887 -0.4389887 0.4239230 0.4239230 -0.4239230 -0.4239230 -0.4239230 0.4239230 -0.3839013 -0.4389887 0.4389887 -0.3294152 -0.4471050 0.4471050 -0.2500000 -0.4472792 0.4472792 -0.1666667 -0.4472792 0.4472792 -0.0833333 -0.4472792 0.4472792 0.0000000 -0.4472792 0.4472792 0.0833333 -0.4472792 0.4472792 0.1666667 -0.4472792 0.4472792 0.2500000 -0.4472792 0.4472792 0.3294152 -0.4471050 0.4471050 0.3839013 -0.4389887 0.4389887 0.4239230 -0.4239230 0.4239230 -0.4389887 -0.3839013 0.4389887 -0.3969814 -0.3969814 0.4633447 -0.3317217 -0.4049820 0.4782424 -0.2500000 -0.4051628 0.4785790 -0.1666667 -0.4051628 0.4785790 -0.0833333 -0.4051628 0.4785790 0.0000000 -0.4051628 0.4785790 0.0833333 -0.4051628 0.4785790 0.1666667 -0.4051628 0.4785790 0.2500000 -0.4051628 0.4785790 0.3317217 -0.4049820 0.4782424 0.3969814 -0.3969814 0.4633447 0.4389887 -0.3839013 0.4389887 -0.4471050 -0.3294152 0.4471050 -0.4049820 -0.3317217 0.4782424 -0.3332608 -0.3332608 0.4990204 -0.2500000 -0.3332969 0.4995082 -0.1666667 -0.3332969 0.4995082 -0.0833333 -0.3332969 0.4995082 0.0000000 -0.3332969 0.4995082 0.0833333 -0.3332969 0.4995082 0.1666667 -0.3332969 0.4995082 0.2500000 -0.3332969 0.4995082 0.3332608 -0.3332608 0.4990204 0.4049820 -0.3317217 0.4782424 0.4471050 -0.3294152 0.4471050 -0.4472792 -0.2500000 0.4472792 -0.4051628 -0.2500000 0.4785790 -0.3332969 -0.2500000 0.4995082 -0.2500000 -0.2500000 0.5000000 -0.1666667 -0.2500000 0.5000000 -0.0833333 -0.2500000 0.5000000 0.0000000 -0.2500000 0.5000000 0.0833333 -0.2500000 0.5000000 0.1666667 -0.2500000 0.5000000 0.2500000 -0.2500000 0.5000000 0.3332969 -0.2500000 0.4995082 0.4051628 -0.2500000 0.4785790 0.4472792 -0.2500000 0.4472792 -0.4472792 -0.1666667 0.4472792 -0.4051628 -0.1666667 0.4785790 -0.3332969 -0.1666667 0.4995082 -0.2500000 -0.1666667 0.5000000 -0.1666667 -0.1666667 0.5000000 -0.0833333 -0.1666667 0.5000000 0.0000000 -0.1666667 0.5000000 0.0833333 -0.1666667 0.5000000 0.1666667 -0.1666667 0.5000000 0.2500000 -0.1666667 0.5000000 0.3332969 -0.1666667 0.4995082 0.4051628 -0.1666667 0.4785790 0.4472792 -0.1666667 0.4472792 -0.4472792 -0.0833333 0.4472792 -0.4051628 -0.0833333 0.4785790 -0.3332969 -0.0833333 0.4995082 -0.2500000 -0.0833333 0.5000000 -0.1666667 -0.0833333 0.5000000 -0.0833333 -0.0833333 0.5000000 0.0000000 -0.0833333 0.5000000 0.0833333 -0.0833333 0.5000000 0.1666667 -0.0833333 0.5000000 0.2500000 -0.0833333 0.5000000 0.3332969 -0.0833333 0.4995082 0.4051628 -0.0833333 0.4785790 0.4472792 -0.0833333 0.4472792 -0.4472792 0.0000000 0.4472792 -0.4051628 0.0000000 0.4785790 -0.3332969 0.0000000 0.4995082 -0.2500000 0.0000000 0.5000000 -0.1666667 0.0000000 0.5000000 -0.0833333 0.0000000 0.5000000 0.0000000 0.0000000 0.5000000 0.0833333 0.0000000 0.5000000 0.1666667 0.0000000 0.5000000 0.2500000 0.0000000 0.5000000 0.3332969 0.0000000 0.4995082 0.4051628 0.0000000 0.4785790 0.4472792 0.0000000 0.4472792 -0.4472792 0.0833333 0.4472792 -0.4051628 0.0833333 0.4785790 -0.3332969 0.0833333 0.4995082 -0.2500000 0.0833333 0.5000000 -0.1666667 0.0833333 0.5000000 -0.0833333 0.0833333 0.5000000 0.0000000 0.0833333 0.5000000 0.0833333 0.0833333 0.5000000 0.1666667 0.0833333 0.5000000 0.2500000 0.0833333 0.5000000 0.3332969 0.0833333 0.4995082 0.4051628 0.0833333 0.4785790 0.4472792 0.0833333 0.4472792 -0.4472792 0.1666667 0.4472792 -0.4051628 0.1666667 0.4785790 -0.3332969 0.1666667 0.4995082 -0.2500000 0.1666667 0.5000000 -0.1666667 0.1666667 0.5000000 -0.0833333 0.1666667 0.5000000 0.0000000 0.1666667 0.5000000 0.0833333 0.1666667 0.5000000 0.1666667 0.1666667 0.5000000 0.2500000 0.1666667 0.5000000 0.3332969 0.1666667 0.4995082 0.4051628 0.1666667 0.4785790 0.4472792 0.1666667 0.4472792 -0.4472792 0.2500000 0.4472792 -0.4051628 0.2500000 0.4785790 -0.3332969 0.2500000 0.4995082 -0.2500000 0.2500000 0.5000000 -0.1666667 0.2500000 0.5000000 -0.0833333 0.2500000 0.5000000 0.0000000 0.2500000 0.5000000 0.0833333 0.2500000 0.5000000 0.1666667 0.2500000 0.5000000 0.2500000 0.2500000 0.5000000 0.3332969 0.2500000 0.4995082 0.4051628 0.2500000 0.4785790 0.4472792 0.2500000 0.4472792 -0.4471050 0.3294152 0.4471050 -0.4049820 0.3317217 0.4782424 -0.3332608 0.3332608 0.4990204 -0.2500000 0.3332969 0.4995082 -0.1666667 0.3332969 0.4995082 -0.0833333 0.3332969 0.4995082 0.0000000 0.3332969 0.4995082 0.0833333 0.3332969 0.4995082 0.1666667 0.3332969 0.4995082 0.2500000 0.3332969 0.4995082 0.3332608 0.3332608 0.4990204 0.4049820 0.3317217 0.4782424 0.4471050 0.3294152 0.4471050 -0.4389887 0.3839013 0.4389887 -0.3969814 0.3969814 0.4633447 -0.3317217 0.4049820 0.4782424 -0.2500000 0.4051628 0.4785790 -0.1666667 0.4051628 0.4785790 -0.0833333 0.4051628 0.4785790 0.0000000 0.4051628 0.4785790 0.0833333 0.4051628 0.4785790 0.1666667 0.4051628 0.4785790 0.2500000 0.4051628 0.4785790 0.3317217 0.4049820 0.4782424 0.3969814 0.3969814 0.4633447 0.4389887 0.3839013 0.4389887 -0.4239230 0.4239230 0.4239230 -0.3839013 0.4389887 0.4389887 -0.3294152 0.4471050 0.4471050 -0.2500000 0.4472792 0.4472792 -0.1666667 0.4472792 0.4472792 -0.0833333 0.4472792 0.4472792 0.0000000 0.4472792 0.4472792 0.0833333 0.4472792 0.4472792 0.1666667 0.4472792 0.4472792 0.2500000 0.4472792 0.4472792 0.3294152 0.4471050 0.4471050 0.3839013 0.4389887 0.4389887 0.4239230 0.4239230 0.4239230</float_array><technique_common><accessor source="#positions-data" count="1014" stride="3"><param name="X" type="float"/><param name="Y" type="float"/><param name="Z" type="float"/></accessor></technique_common></source><source id="normals"><float_array id="normals-data" count="3042">-0.5773503 -0.5773503 -0.5773503 -0.6610483 -0.3550074 -0.6610483 -0.7061388 -0.0523066 -0.7061388 -0.7071068 0.0000000 -0.7071068 -0.7071068 0.0000000 -0.7071068 -0.7071068 0.0000000 -0.7071068 -0.7071068 0.0000000 -0.7071068 -0.7071068 0.0000000 -0.7071068 -0.7071068 0.0000000 -0.7071068 -0.7071068 0.0000000 -0.7071068 -0.7061388 0.0523066 -0.7061388 -0.6610483 0.3550074 -0.6610483 -0.5773503 0.5773503 -0.5773503 -0.6610483 -0.6610483 -0.3550074 -0.7963597 -0.4276747 -0.4276747 -0.8791244 -0.0651203 -0.4721224 -0.8809944 0.0000000 -0.4731266 -0.8809944 0.0000000 -0.4731266 -0.8809944 0.0000000 -0.4731266 -0.8809944 0.0000000 -0.4731266 -0.8809944 0.0000000 -0.4731266 -0.8809944 0.0000000 -0.4731266 -0.8809944 0.0000000 -0.4731266 -0.8791244 0.0651203 -0.4721224 -0.7963597 0.4276747 -0.4276747 -0.6610483 0.6610483 -0.3550074 -0.7061388 -0.7061388 -0.0523066 -0.8791244 -0.4721224 -0.0651203 -0.9945578 -0.0736709 -0.0736709 -0.9972678 0.0000000 -0.0738717 -0.9972678 0.0000000 -0.0738717 -0.9972678 0.0000000 -0.0738717 -0.9972678 0.0000000 -0.0738717 -0.9972678 0.0000000 -0.0738717 -0.9972678 0.0000000 -0.0738717 -0.9972678 0.0000000 -0.0738717 -0.9945578 0.0736709 -0.0736709 -0.8791244 0.4721224 -0.0651203 -0.7061388 0.7061388 -0.0523066 -0.7071068 -0.7071068 0.0000000 -0.8809944 -0.4731266 0.0000000 -0.9972678 -0.0738717 0.0000000 -1.0000000 0.0000000 0.0000000 -1.0000000 0.0000000 0.0000000 -1.0000000 0.0000000 0.0000000 -1.0000000 0.0000000 0.0000000 -1.0000000 0.0000000 0.0000000 -1.0000000 0.0000000 0.0000000 -1.0000000 0.0000000 0.0000000 -0.9972678 0.0738717 0.0000000 -0.8809944 0.4731266 0.0000000 -0.7071068 0.7071068 0.0000000 -0.7071068 -0.7071068 0.0000000 -0.8809944 -0.4731266 0.0000000 -0.9972678 -0.0738717 0.0000000 -1.0000000 0.0000000 0.0000000 -1.0000000 0.0000000 0.0000000 -1.0000000 0.0000000 0.0000000 -1.0000000 0.0000000 0.0000000 -1.0000000 0.0000000 0.0000000 -1.0000000 0.0000000 0.0000000 -1.0000000 0.0000000 0.0000000 -0.9972678 0.0738717 0.0000000 -0.8809944 0.4731266 0.0000000 -0.7071068 0.7071068 0.0000000 -0.7071068 -0.7071068 0.0000000 -0.8809944 -0.4731266 0.0000000 -0.9972678 -0.0738717 0.0000000 -1.0000000 0.0000000 0.0000000 -1.0000000 0.0000000 0.0000000 -1.0000000 0.0000000 0.0000000 -1.0000000 0.0000000 0.0000000 -1.0000000 0.0000000 0.0000000 -1.0000000 0.0000000 0.0000000 -1.0000000 0.0000000 0.0000000 -0.9972678 0.0738717 0.0000000 -0.8809944 0.4731266 0.0000000 -0.7071068 0.7071068 0.0000000 -0.7071068 -0.7071068 0.0000000 -0.8809944 -0.4731266 0.0000000 -0.9972678 -0.0738717 0.0000000 -1.0000000 0.0000000 0.0000000 -1.0000000 0.0000000 0.0000000 -1.0000000 0.0000000 0.0000000 -1.0000000 0.0000000 0.0000000 -1.0000000 0.0000000 0.0000000 -1.0000000 0.0000000 0.0000000 -1.0000000 0.0000000 0.0000000 -0.9972678 0.0738717 0.0000000 -0.8809944 0.4731266 0.0000000 -0.7071068 0.7071068 0.0000000 -0.7071068 -0.7071068 0.0000000 -0.8809944 -0.4731266 0.0000000 -0.9972678 -0.0738717 0.0000000 -1.0000000 0.0000000 0.0000000 -1.0000000 0.0000000 0.0000000 -1.0000000 0.0000000 0.0000000 -1.0000000 0.0000000 0.0000000 -1.0000000 0.0000000 0.0000000 -1.0000000 0.0000000 0.0000000 -1.0000000 0.0000000 0.0000000 -0.9972678 0.0738717 0.0000000 -0.8809944 0.4731266 0.0000000 -0.7071068 0.7071068 0.0000000 -0.7071068 -0.7071068 0.0000000 -0.8809944 -0.4731266 0.0000000 -0.9972678 -0.0738717 0.0000000 -1.0000000 0.0000000 0.0000000 -1.0000000 0.0000000 0.0000000 -1.0000000 0.0000000 0.0000000 -1.0000000 0.0000000 0.0000000 -1.0000000 0.0000000 0.0000000 -1.0000000 0.0000000 0.0000000 -1.0000000 0.0000000 0.0000000 -0.9972678 0.0738717 0.0000000 -0.8809944 0.4731266 0.0000000 -0.7071068 0.7071068 0.0000000 -0.7071068 -0.7071068 0.0000000 -0.8809944 -0.4731266 0.0000000 -0.9972678 -0.0738717 0.0000000 -1.0000000 0.0000000 0.0000000 -1.0000000 0.0000000 0.0000000 -1.0000000 0.0000000 0.0000000 -1.0000000 0.0000000 0.0000000 -1.0000000 0.0000000 0.0000000 -1.0000000 0.0000000 0.0000000 -1.0000000 0.0000000 0.0000000 -0.9972678 0.0738717 0.0000000 -0.8809944 0.4731266 0.0000000 -0.7071068 0.7071068 0.0000000 -0.7061388 -0.7061388 0.0523066 -0.8791244 -0.4721224 0.0651203 -0.9945578 -0.0736709 0.0736709 -0.9972678 0.0000000 0.0738717 -0.9972678 0.0000000 0.0738717 -0.9972678 0.0000000 0.0738717 -0.9972678 0.0000000 0.0738717 -0.9972678 0.0000000 0.0738717 -0.9972678 0.0000000 0.0738717 -0.9972678 0.0000000 0.0738717 -0.9945578 0.0736709 0.0736709 -0.8791244 0.4721224 0.0651203 -0.7061388 0.7061388 0.0523066 -0.6610483 -0.6610483 0.3550074 -0.7963597 -0.4276747 0.4276747 -0.8791244 -0.0651203 0.4721224 -0.8809944 0.0000000 0.4731266 -0.8809944 0.0000000 0.4731266 -0.8809944 0.0000000 0.4731266 -0.8809944 0.0000000 0.4731266 -0.8809944 0.0000000 0.4731266 -0.8809944 0.0000000 0.4731266 -0.8809944 0.0000000 0.4731266 -0.8791244 0.0651203 0.4721224 -0.7963597 0.4276747 0.4276747 -0.6610483 0.6610483 0.3550074 -0.5773503 -0.5773503 0.5773503 -0.6610483 -0.3550074 0.6610483 -0.7061388 -0.0523066 0.7061388 -0.7071068 0.0000000 0.7071068 -0.7071068 0.0000000 0.7071068 -0.7071068 0.0000000 0.7071068 -0.7071068 0.0000000 0.7071068 -0.7071068 0.0000000 0.7071068 -0.7071068 0.0000000 0.7071068 -0.7071068 0.0000000 0.7071068 -0.7061388 0.0523066 0.7061388 -0.6610483 0.3550074 0.6610483 -0.5773503 0.5773503 0.5773503 0.5773503 -0.5773503 -0.5773503 0.6610483 -0.3550074 -0.6610483 0.7061388 -0.0523066 -0.7061388 0.7071068 0.0000000 -0.7071068 0.7071068 0.0000000 -0.7071068 0.7071068 0.0000000 -0.7071068 0.7071068 0.0000000 -0.7071068 0.7071068 0.0000000 -0.7071068 0.7071068 0.0000000 -0.7071068 0.7071068 0.0000000 -0.7071068 0.7061388 0.0523066 -0.7061388 0.6610483 0.3550074 -0.6610483 0.5773503 0.5773503 -0.5773503 0.6610483 -0.6610483 -0.3550074 0.7963597 -0.4276747 -0.4276747 0.8791244 -0.0651203 -0.4721224 0.8809944 0.0000000 -0.4731266 0.8809944 0.0000000 -0.4731266 0.8809944 0.0000000 -0.4731266 0.8809944 0.0000000 -0.4731266 0.8809944 0.0000000 -0.4731266 0.8809944 0.0000000 -0.4731266 0.8809944 0.0000000 -0.4731266 0.8791244 0.0651203 -0.4721224 0.7963597 0.4276747 -0.4276747 0.6610483 0.6610483 -0.3550074 0.7061388 -0.7061388 -0.0523066 0.8791244 -0.4721224 -0.0651203 0.9945578 -0.0736709 -0.0736709 0.9972678 0.0000000 -0.0738717 0.9972678 0.0000000 -0.0738717 0.9972678 0.0000000 -0.0738717 0.9972678 0.0000000 -0.0738717 0.9972678 0.0000000 -0.0738717 0.9972678 0.0000000 -0.0738717 0.9972678 0.0000000 -0.0738717 0.9945578 0.0736709 -0.0736709 0.8791244 0.4721224 -0.0651203 0.7061388 0.7061388 -0.0523066 0.7071068 -0.7071068 0.0000000 0.8809944 -0.4731266 0.0000000 0.9972678 -0.0738717 0.0000000 1.0000000 0.0000000 0.0000000 1.0000000 0.0000000 0.0000000 1.0000000 0.0000000 0.0000000 1.0000000 0.0000000 0.0000000 1.0000000 0.0000000 0.0000000 1.0000000 0.0000000 0.0000000 1.0000000 0.0000000 0.0000000 0.9972678 0.0738717 0.0000000 0.8809944 0.4731266 0.0000000 0.7071068 0.7071068 0.0000000 0.7071068 -0.7071068 0.0000000 0.8809944 -0.4731266 0.0000000 0.9972678 -0.0738717 0.0000000 1.0000000 0.0000000 0.0000000 1.0000000 0.0000000 0.0000000 1.0000000 0.0000000 0.0000000 1.0000000 0.0000000 0.0000000 1.0000000 0.0000000 0.0000000 1.0000000 0.0000000 0.0000000 1.0000000 0.0000000 0.0000000 0.9972678 0.0738717 0.0000000 0.8809944 0.4731266 0.0000000 0.7071068 0.7071068 0.0000000 0.7071068 -0.7071068 0.0000000 0.8809944 -0.4731266 0.0000000 0.9972678 -0.0738717 0.0000000 1.0000000 0.0000000 0.0000000 1.0000000 0.0000000 0.0000000 1.0000000 0.0000000 0.0000000 1.0000000 0.0000000 0.0000000 1.0000000 0.0000000 0.0000000 1.0000000 0.0000000 0.0000000 1.0000000 0.0000000 0.0000000 0.9972678 0.0738717 0.0000000 0.8809944 0.4731266 0.0000000 0.7071068 0.7071068 0.0000000 0.7071068 -0.7071068 0.0000000 0.8809944 -0.4731266 0.0000000 0.9972678 -0.0738717 0.0000000 1.0000000 0.0000000 0.0000000 1.0000000 0.0000000 0.0000000 1.0000000 0.0000000 0.0000000 1.0000000 0.0000000 0.0000000 1.0000000 0.0000000 0.0000000 1.0000000 0.0000000 0.0000000 1.0000000 0.0000000 0.0000000 0.9972678 0.0738717 0.0000000 0.8809944 0.4731266 0.0000000 0.7071068 0.7071068 0.0000000 0.7071068 -0.7071068 0.0000000 0.8809944 -0.4731266 0.0000000 0.9972678 -0.0738717 0.0000000 1.0000000 0.0000000 0.0000000 1.0000000 0.0000000 0.0000000 1.0000000 0.0000000 0.0000000 1.0000000 0.0000000 0.0000000 1.0000000 0.0000000 0.0000000 1.0000000 0.0000000 0.0000000 1.0000000 0.0000000 0.0000000 0.9972678 0.0738717 0.0000000 0.8809944 0.4731266 0.0000000 0.7071068 0.7071068 0.0000000 0.7071068 -0.7071068 0.0000000 0.8809944 -0.4731266 0.0000000 0.9972678 -0.0738717 0.0000000 1.0000000 0.0000000 0.0000000 1.0000000 0.0000000 0.0000000 1.0000000 0.0000000 0.0000000 1.0000000 0.0000000 0.0000000 1.0000000 0.0000000 0.0000000 1.0000000 0.0000000 0.0000000 1.0000000 0.0000000 0.0000000 0.9972678 0.0738717 0.0000000 0.8809944 0.4731266 0.0000000 0.7071068 0.7071068 0.0000000 0.7071068 -0.7071068 0.0000000 0.8809944 -0.4731266 0.0000000 0.9972678 -0.0738717 0.0000000 1.0000000 0.0000000 0.0000000 1.0000000 0.0000000 0.0000000 1.0000000 0.0000000 0.0000000 1.0000000 0.0000000 0.0000000 1.0000000 0.0000000 0.0000000 1.0000000 0.0000000 0.0000000 1.0000000 0.0000000 0.0000000 0.9972678 0.0738717 0.0000000 0.8809944 0.4731266 0.0000000 0.7071068 0.7071068 0.0000000 0.7061388 -0.7061388 0.0523066 0.8791244 -0.4721224 0.0651203 0.9945578 -0.0736709 0.0736709 0.9972678 0.0000000 0.0738717 0.9972678 0.0000000 0.0738717 0.9972678 0.0000000 0.0738717 0.9972678 0.0000000 0.0738717 0.9972678 0.0000000 0.0738717 0.9972678 0.0000000 0.0738717 0.9972678 0.0000000 0.0738717 0.9945578 0.0736709 0.0736709 0.8791244 0.4721224 0.0651203 0.7061388 0.7061388 0.0523066 0.6610483 -0.6610483 0.3550074 0.7963597 -0.4276747 0.4276747 0.8791244 -0.0651203 0.4721224 0.8809944 0.0000000 0.4731266 0.8809944 0.0000000 0.4731266 0.8809944 0.0000000 0.4731266 0.8809944 0.0000000 0.4731266 0.8809944 0.0000000 0.4731266 0.8809944 0.0000000 0.4731266 0.8809944 0.0000000 0.4731266 0.8791244 0.0651203 0.4721224 0.7963597 0.4276747 0.4276747 0.6610483 0.6610483 0.3550074 0.5773503 -0.5773503 0.5773503 0.6610483 -0.3550074 0.6610483 0.7061388 -0.0523066 0.7061388 0.7071068 0.0000000 0.7071068 0.7071068 0.0000000 0.7071068 0.7071068 0.0000000 0.7071068 0.7071068 0.0000000 0.7071068 0.7071068 0.0000000 0.7071068 0.7071068 0.0000000 0.7071068 0.7071068 0.0000000 0.7071068 0.7061388 0.0523066 0.7061388 0.6610483 0.3550074 0.6610483 0.5773503 0.5773503 0.5773503 -0.5773503 -0.5773503 -0.5773503 -0.6610483 -0.6610483 -0.3550074 -0.7061388 -0.7061388 -0.0523066 -0.7071068 -0.7071068 0.0000000 -0.7071068 -0.7071068 0.0000000 -0.7071068 -0.7071068 0.0000000 -0.7071068 -0.7071068 0.0000000 -0.7071068 -0.7071068 0.0000000 -0.7071068 -0.7071068 0.0000000 -0.7071068 -0.7071068 0.0000000 -0.7061388 -0.7061388 0.0523066 -0.6610483 -0.6610483 0.3550074 -0.5773503 -0.5773503 0.5773503 -0.3550074 -0.6610483 -0.6610483 -0.4276747 -0.7963597 -0.4276747 -0.4721224 -0.8791244 -0.0651203 -0.4731266 -0.8809944 0.0000000 -0.4731266 -0.8809944 0.0000000 -0.4731266 -0.8809944 0.0000000 -0.4731266 -0.8809944 0.0000000 -0.4731266 -0.8809944 0.0000000 -0.4731266 -0.8809944 0.0000000 -0.4731266 -0.8809944 0.0000000 -0.4721224 -0.8791244 0.0651203 -0.4276747 -0.7963597 0.4276747 -0.3550074 -0.6610483 0.6610483 -0.0523066 -0.7061388 -0.7061388 -0.0651203 -0.8791244 -0.4721224 -0.0736709 -0.9945578 -0.0736709 -0.0738717 -0.9972678 0.0000000 -0.0738717 -0.9972678 0.0000000 -0.0738717 -0.9972678 0.0000000 -0.0738717 -0.9972678 0.0000000 -0.0738717 -0.9972678 0.0000000 -0.0738717 -0.9972678 0.0000000 -0.0738717 -0.9972678 0.0000000 -0.0736709 -0.9945578 0.0736709 -0.0651203 -0.8791244 0.4721224 -0.0523066 -0.7061388 0.7061388 0.0000000 -0.7071068 -0.7071068 0.0000000 -0.8809944 -0.4731266 0.0000000 -0.9972678 -0.0738717 0.0000000 -1.0000000 0.0000000 0.0000000 -1.0000000 0.0000000 0.0000000 -1.0000000 0.0000000 0.0000000 -1.0000000 0.0000000 0.0000000 -1.0000000 0.0000000 0.0000000 -1.0000000 0.0000000 0.0000000 -1.0000000 0.0000000 0.0000000 -0.9972678 0.0738717 0.0000000 -0.8809944 0.4731266 0.0000000 -0.7071068 0.7071068 0.0000000 -0.7071068 -0.7071068 0.0000000 -0.8809944 -0.4731266 0.0000000 -0.9972678 -0.0738717 0.0000000 -1.0000000 0.0000000 0.0000000 -1.0000000 0.0000000 0.0000000 -1.0000000 0.0000000 0.0000000 -1.0000000 0.0000000 0.0000000 -1.0000000 0.0000000 0.0000000 -1.0000000 0.0000000 0.0000000 -1.0000000 0.0000000 0.0000000 -0.9972678 0.0738717 0.0000000 -0.8809944 0.4731266 0.0000000 -0.7071068 0.7071068 0.0000000 -0.7071068 -0.7071068 0.0000000 -0.8809944 -0.4731266 0.0000000 -0.9972678 -0.0738717 0.0000000 -1.0000000 0.0000000 0.0000000 -1.0000000 0.0000000 0.0000000 -1.0000000 0.0000000 0.0000000 -1.0000000 0.0000000 0.0000000 -1.0000000 0.0000000 0.0000000 -1.0000000 0.0000000 0.0000000 -1.0000000 0.0000000 0.0000000 -0.9972678 0.0738717 0.0000000 -0.8809944 0.4731266 0.0000000 -0.7071068 0.7071068 0.0000000 -0.7071068 -0.7071068 0.0000000 -0.8809944 -0.4731266 0.0000000 -0.9972678 -0.0738717 0.0000000 -1.0000000 0.0000000 0.0000000 -1.0000000 0.0000000 0.0000000 -1.0000000 0.0000000 0.0000000 -1.0000000 0.0000000 0.0000000 -1.0000000 0.0000000 0.0000000 -1.0000000 0.0000000 0.0000000 -1.0000000 0.0000000 0.0000000 -0.9972678 0.0738717 0.0000000 -0.8809944 0.4731266 0.0000000 -0.7071068 0.7071068 0.0000000 -0.7071068 -0.7071068 0.0000000 -0.8809944 -0.4731266 0.0000000 -0.9972678 -0.0738717 0.0000000 -1.0000000 0.0000000 0.0000000 -1.0000000 0.0000000 0.0000000 -1.0000000 0.0000000 0.0000000 -1.0000000 0.0000000 0.0000000 -1.0000000 0.0000000 0.0000000 -1.0000000 0.0000000 0.0000000 -1.0000000 0.0000000 0.0000000 -0.9972678 0.0738717 0.0000000 -0.8809944 0.4731266 0.0000000 -0.7071068 0.7071068 0.0000000 -0.7071068 -0.7071068 0.0000000 -0.8809944 -0.4731266 0.0000000 -0.9972678 -0.0738717 0.0000000 -1.0000000 0.0000000 0.0000000 -1.0000000 0.0000000 0.0000000 -1.0000000 0.0000000 0.0000000 -1.0000000 0.0000000 0.0000000 -1.0000000 0.0000000 0.0000000 -1.0000000 0.0000000 0.0000000 -1.0000000 0.0000000 0.0000000 -0.9972678 0.0738717 0.0000000 -0.8809944 0.4731266 0.0000000 -0.7071068 0.7071068 0.0000000 -0.7071068 -0.7071068 0.0000000 -0.8809944 -0.4731266 0.0000000 -0.9972678 -0.0738717 0.0000000 -1.0000000 0.0000000 0.0000000 -1.0000000 0.0000000 0.0000000 -1.0000000 0.0000000 0.0000000 -1.0000000 0.0000000 0.0000000 -1.0000000 0.0000000 0.0000000 -1.0000000 0.0000000 0.0000000 -1.0000000 0.0000000 0.0000000 -0.9972678 0.0738717 0.0000000 -0.8809944 0.4731266 0.0000000 -0.7071068 0.7071068 0.0523066 -0.7061388 -0.7061388 0.0651203 -0.8791244 -0.4721224 0.0736709 -0.9945578 -0.0736709 0.0738717 -0.9972678 0.0000000 0.0738717 -0.9972678 0.0000000 0.0738717 -0.9972678 0.0000000 0.0738717 -0.9972678 0.0000000 0.0738717 -0.9972678 0.0000000 0.0738717 -0.9972678 0.0000000 0.0738717 -0.9972678 0.0000000 0.0736709 -0.9945578 0.0736709 0.0651203 -0.8791244 0.4721224 0.0523066 -0.7061388 0.7061388 0.3550074 -0.6610483 -0.6610483 0.4276747 -0.7963597 -0.4276747 0.4721224 -0.8791244 -0.0651203 0.4731266 -0.8809944 0.0000000 0.4731266 -0.8809944 0.0000000 0.4731266 -0.8809944 0.0000000 0.4731266 -0.8809944 0.0000000 0.4731266 -0.8809944 0.0000000 0.4731266 -0.8809944 0.0000000 0.4731266 -0.8809944 0.0000000 0.4721224 -0.8791244 0.0651203 0.4276747 -0.7963597 0.4276747 0.3550074 -0.6610483 0.6610483 0.5773503 -0.5773503 -0.5773503 0.6610483 -0.6610483 -0.3550074 0.7061388 -0.7061388 -0.0523066 0.7071068 -0.7071068 0.0000000 0.7071068 -0.7071068 0.0000000 0.7071068 -0.7071068 0.0000000 0.7071068 -0.7071068 0.0000000 0.7071068 -0.7071068 0.0000000 0.7071068 -0.7071068 0.0000000 0.7071068 -0.7071068 0.0000000 0.7061388 -0.7061388 0.0523066 0.6610483 -0.6610483 0.3550074 0.5773503 -0.5773503 0.5773503 -0.5773503 0.5773503 -0.5773503 -0.6610483 0.6610483 -0.3550074 -0.7061388 0.7061388 -0.0523066 -0.7071068 0.7071068 0.0000000 -0.7071068 0.7071068 0.0000000 -0.7071068 0.7071068 0.0000000 -0.7071068 0.7071068 0.0000000 -0.7071068 0.7071068 0.0000000 -0.7071068 0.7071068 0.0000000 -0.7071068 0.7071068 0.0000000 -0.7061388 0.7061388 0.0523066 -0.6610483 0.6610483 0.3550074 -0.5773503 0.5773503 0.5773503 -0.3550074 0.6610483 -0.6610483 -0.4276747 0.7963597 -0.4276747 -0.4721224 0.8791244 -0.0651203 -0.4731266 0.8809944 0.0000000 -0.4731266 0.8809944 0.0000000 -0.4731266 0.8809944 0.0000000 -0.4731266 0.8809944 0.0000000 -0.4731266 0.8809944 0.0000000 -0.4731266 0.8809944 0.0000000 -0.4731266 0.8809944 0.0000000 -0.4721224 0.8791244 0.0651203 -0.4276747 0.7963597 0.4276747 -0.3550074 0.6610483 0.6610483 -0.0523066 0.7061388 -0.7061388 -0.0651203 0.8791244 -0.4721224 -0.0736709 0.9945578 -0.0736709 -0.0738717 0.9972678 0.0000000 -0.0738717 0.9972678 0.0000000 -0.0738717 0.9972678 0.0000000 -0.0738717 0.9972678 0.0000000 -0.0738717 0.9972678 0.0000000 -0.0738717 0.9972678 0.0000000 -0.0738717 0.9972678 0.0000000 -0.0736709 0.9945578 0.0736709 -0.0651203 0.8791244 0.4721224 -0.0523066 0.7061388 0.7061388 0.0000000 0.7071068 -0.7071068 0.0000000 0.8809944 -0.4731266 0.0000000 0.9972678 -0.0738717 0.0000000 1.0000000 0.0000000 0.0000000 1.0000000 0.0000000 0.0000000 1.0000000 0.0000000 0.0000000 1.0000000 0.0000000 0.0000000 1.0000000 0.0000000 0.0000000 1.0000000 0.0000000 0.0000000 1.0000000 0.0000000 0.0000000 0.9972678 0.0738717 0.0000000 0.8809944 0.4731266 0.0000000 0.7071068 0.7071068 0.0000000 0.7071068 -0.7071068 0.0000000 0.8809944 -0.4731266 0.0000000 0.9972678 -0.0738717 0.0000000 1.0000000 0.0000000 0.0000000 1.0000000 0.0000000 0.0000000 1.0000000 0.0000000 0.0000000 1.0000000 0.0000000 0.0000000 1.0000000 0.0000000 0.0000000 1.0000000 0.0000000 0.0000000 1.0000000 0.0000000 0.0000000 0.9972678 0.0738717 0.0000000 0.8809944 0.4731266 0.0000000 0.7071068 0.7071068 0.0000000 0.7071068 -0.7071068 0.0000000 0.8809944 -0.4731266 0.0000000 0.9972678 -0.0738717 0.0000000 1.0000000 0.0000000 0.0000000 1.0000000 0.0000000 0.0000000 1.0000000 0.0000000 0.0000000 1.0000000 0.0000000 0.0000000 1.0000000 0.0000000 0.0000000 1.0000000 0.0000000 0.0000000 1.0000000 0.0000000 0.0000000 0.9972678 0.0738717 0.0000000 0.8809944 0.4731266 0.0000000 0.7071068 0.7071068 0.0000000 0.7071068 -0.7071068 0.0000000 0.8809944 -0.4731266 0.0000000 0.9972678 -0.0738717 0.0000000 1.0000000 0.0000000 0.0000000 1.0000000 0.0000000 0.0000000 1.0000000 0.0000000 0.0000000 1.0000000 0.0000000 0.0000000 1.0000000 0.0000000 0.0000000 1.0000000 0.0000000 0.0000000 1.0000000 0.0000000 0.0000000 0.9972678 0.0738717 0.0000000 0.8809944 0.4731266 0.0000000 0.7071068 0.7071068 0.0000000 0.7071068 -0.7071068 0.0000000 0.8809944 -0.4731266 0.0000000 0.9972678 -0.0738717 0.0000000 1.0000000 0.0000000 0.0000000 1.0000000 0.0000000 0.0000000 1.0000000 0.0000000 0.0000000 1.0000000 0.0000000 0.0000000 1.0000000 0.0000000 0.0000000 1.0000000 0.0000000 0.0000000 1.0000000 0.0000000 0.0000000 0.9972678 0.0738717 0.0000000 0.8809944 0.4731266 0.0000000 0.7071068 0.7071068 0.0000000 0.7071068 -0.7071068 0.0000000 0.8809944 -0.4731266 0.0000000 0.9972678 -0.0738717 0.0000000 1.0000000 0.0000000 0.0000000 1.0000000 0.0000000 0.0000000 1.0000000 0.0000000 0.0000000 1.0000000 0.0000000 0.0000000 1.0000000 0.0000000 0.0000000 1.0000000 0.0000000 0.0000000 1.0000000 0.0000000 0.0000000 0.9972678 0.0738717 0.0000000 0.8809944 0.4731266 0.0000000 0.7071068 0.7071068 0.0000000 0.7071068 -0.7071068 0.0000000 0.8809944 -0.4731266 0.0000000 0.9972678 -0.0738717 0.0000000 1.0000000 0.0000000 0.0000000 1.0000000 0.0000000 0.0000000 1.0000000 0.0000000 0.0000000 1.0000000 0.0000000 0.0000000 1.0000000 0.0000000 0.0000000 1.0000000 0.0000000 0.0000000 1.0000000 0.0000000 0.0000000 0.9972678 0.0738717 0.0000000 0.8809944 0.4731266 0.0000000 0.7071068 0.7071068 0.0523066 0.7061388 -0.7061388 0.0651203 0.8791244 -0.4721224 0.0736709 0.9945578 -0.0736709 0.0738717 0.9972678 0.0000000 0.0738717 0.9972678 0.0000000 0.0738717 0.9972678 0.0000000 0.0738717 0.9972678 0.0000000 0.0738717 0.9972678 0.0000000 0.0738717 0.9972678 0.0000000 0.0738717 0.9972678 0.0000000 0.0736709 0.9945578 0.0736709 0.0651203 0.8791244 0.4721224 0.0523066 0.7061388 0.7061388 0.3550074 0.6610483 -0.6610483 0.4276747 0.7963597 -0.4276747 0.4721224 0.8791244 -0.0651203 0.4731266 0.8809944 0.0000000 0.4731266 0.8809944 0.0000000 0.4731266 0.8809944 0.0000000 0.4731266 0.8809944 0.0000000 0.4731266 0.8809944 0.0000000 0.4731266 0.8809944 0.0000000 0.4731266 0.8809944 0.0000000 0.4721224 0.8791244 0.0651203 0.4276747 0.7963597 0.4276747 0.3550074 0.6610483 0.6610483 0.5773503 0.5773503 -0.5773503 0.6610483 0.6610483 -0.3550074 0.7061388 0.7061388 -0.0523066 0.7071068 0.7071068 0.0000000 0.7071068 0.7071068 0.0000000 0.7071068 0.7071068 0.0000000 0.7071068 0.7071068 0.0000000 0.7071068 0.7071068 0.0000000 0.7071068 0.7071068 0.0000000 0.7071068 0.7071068 0.0000000 0.7061388 0.7061388 0.0523066 0.6610483 0.6610483 0.3550074 0.5773503 0.5773503 0.5773503 -0.5773503 -0.5773503 -0.5773503 -0.3550074 -0.6610483 -0.6610483 -0.0523066 -0.7061388 -0.7061388 0.0000000 -0.7071068 -0.7071068 0.0000000 -0.7071068 -0.7071068 0.0000000 -0.7071068 -0.7071068 0.0000000 -0.7071068 -0.7071068 0.0000000 -0.7071068 -0.7071068 0.0000000 -0.7071068 -0.7071068 0.0000000 -0.7071068 -0.7071068 0.0523066 -0.7061388 -0.7061388 0.3550074 -0.6610483 -0.6610483 0.5773503 -0.5773503 -0.5773503 -0.6610483 -0.3550074 -0.6610483 -0.4276747 -0.4276747 -0.7963597 -0.0651203 -0.4721224 -0.8791244 0.0000000 -0.4731266 -0.8809944 0.0000000 -0.4731266 -0.8809944 0.0000000 -0.4731266 -0.8809944 0.0000000 -0.4731266 -0.8809944 0.0000000 -0.4731266 -0.8809944 0.0000000 -0.4731266 -0.8809944 0.0000000 -0.4731266 -0.8809944 0.0651203 -0.4721224 -0.8791244 0.4276747 -0.4276747 -0.7963597 0.6610483 -0.3550074 -0.6610483 -0.7061388 -0.0523066 -0.7061388 -0.4721224 -0.0651203 -0.8791244 -0.0736709 -0.0736709 -0.9945578 0.0000000 -0.0738717 -0.9972678 0.0000000 -0.0738717 -0.9972678 0.0000000 -0.0738717 -0.9972678 0.0000000 -0.0738717 -0.9972678 0.0000000 -0.0738717 -0.9972678 0.0000000 -0.0738717 -0.9972678 0.0000000 -0.0738717 -0.9972678 0.0736709 -0.0736709 -0.9945578 0.4721224 -0.0651203 -0.8791244 0.7061388 -0.0523066 -0.7061388 -0.7071068 0.0000000 -0.7071068 -0.4731266 0.0000000 -0.8809944 -0.0738717 0.0000000 -0.9972678 0.0000000 0.0000000 -1.0000000 0.0000000 0.0000000 -1.0000000 0.0000000 0.0000000 -1.0000000 0.0000000 0.0000000 -1.0000000 0.0000000 0.0000000 -1.0000000 0.0000000 0.0000000 -1.0000000 0.0000000 0.0000000 -1.0000000 0.0738717 0.0000000 -0.9972678 0.4731266 0.0000000 -0.8809944 0.7071068 0.0000000 -0.7071068 -0.7071068 0.0000000 -0.7071068 -0.4731266 0.0000000 -0.8809944 -0.0738717 0.0000000 -0.9972678 0.0000000 0.0000000 -1.0000000 0.0000000 0.0000000 -1.0000000 0.0000000 0.0000000 -1.0000000 0.0000000 0.0000000 -1.0000000 0.0000000 0.0000000 -1.0000000 0.0000000 0.0000000 -1.0000000 0.0000000 0.0000000 -1.0000000 0.0738717 0.0000000 -0.9972678 0.4731266 0.0000000 -0.8809944 0.7071068 0.0000000 -0.7071068 -0.7071068 0.0000000 -0.7071068 -0.4731266 0.0000000 -0.8809944 -0.0738717 0.0000000 -0.9972678 0.0000000 0.0000000 -1.0000000 0.0000000 0.0000000 -1.0000000 0.0000000 0.0000000 -1.0000000 0.0000000 0.0000000 -1.0000000 0.0000000 0.0000000 -1.0000000 0.0000000 0.0000000 -1.0000000 0.0000000 0.0000000 -1.0000000 0.0738717 0.0000000 -0.9972678 0.4731266 0.0000000 -0.8809944 0.7071068 0.0000000 -0.7071068 -0.7071068 0.0000000 -0.7071068 -0.4731266 0.0000000 -0.8809944 -0.0738717 0.0000000 -0.9972678 0.0000000 0.0000000 -1.0000000 0.0000000 0.0000000 -1.0000000 0.0000000 0.0000000 -1.0000000 0.0000000 0.0000000 -1.0000000 0.0000000 0.0000000 -1.0000000 0.0000000 0.0000000 -1.0000000 0.0000000 0.0000000 -1.0000000 0.0738717 0.0000000 -0.9972678 0.4731266 0.0000000 -0.8809944 0.7071068 0.0000000 -0.7071068 -0.7071068 0.0000000 -0.7071068 -0.4731266 0.0000000 -0.8809944 -0.0738717 0.0000000 -0.9972678 0.0000000 0.0000000 -1.0000000 0.0000000 0.0000000 -1.0000000 0.0000000 0.0000000 -1.0000000 0.0000000 0.0000000 -1.0000000 0.0000000 0.0000000 -1.0000000 0.0000000 0.0000000 -1.0000000 0.0000000 0.0000000 -1.0000000 0.0738717 0.0000000 -0.9972678 0.4731266 0.0000000 -0.8809944 0.7071068 0.0000000 -0.7071068 -0.7071068 0.0000000 -0.7071068 -0.4731266 0.0000000 -0.8809944 -0.0738717 0.0000000 -0.9972678 0.0000000 0.0000000 -1.0000000 0.0000000 0.0000000 -1.0000000 0.0000000 0.0000000 -1.0000000 0.0000000 0.0000000 -1.0000000 0.0000000 0.0000000 -1.0000000 0.0000000 0.0000000 -1.0000000 0.0000000 0.0000000 -1.0000000 0.0738717 0.0000000 -0.9972678 0.4731266 0.0000000 -0.8809944 0.7071068 0.0000000 -0.7071068 -0.7071068 0.0000000 -0.7071068 -0.4731266 0.0000000 -0.8809944 -0.0738717 0.0000000 -0.9972678 0.0000000 0.0000000 -1.0000000 0.0000000 0.0000000 -1.0000000 0.0000000 0.0000000 -1.0000000 0.0000000 0.0000000 -1.0000000 0.0000000 0.0000000 -1.0000000 0.0000000 0.0000000 -1.0000000 0.0000000 0.0000000 -1.0000000 0.0738717 0.0000000 -0.9972678 0.4731266 0.0000000 -0.8809944 0.7071068 0.0000000 -0.7071068 -0.7061388 0.0523066 -0.7061388 -0.4721224 0.0651203 -0.8791244 -0.0736709 0.0736709 -0.9945578 0.0000000 0.0738717 -0.9972678 0.0000000 0.0738717 -0.9972678 0.0000000 0.0738717 -0.9972678 0.0000000 0.0738717 -0.9972678 0.0000000 0.0738717 -0.9972678 0.0000000 0.0738717 -0.9972678 0.0000000 0.0738717 -0.9972678 0.0736709 0.0736709 -0.9945578 0.4721224 0.0651203 -0.8791244 0.7061388 0.0523066 -0.7061388 -0.6610483 0.3550074 -0.6610483 -0.4276747 0.4276747 -0.7963597 -0.0651203 0.4721224 -0.8791244 0.0000000 0.4731266 -0.8809944 0.0000000 0.4731266 -0.8809944 0.0000000 0.4731266 -0.8809944 0.0000000 0.4731266 -0.8809944 0.0000000 0.4731266 -0.8809944 0.0000000 0.4731266 -0.8809944 0.0000000 0.4731266 -0.8809944 0.0651203 0.4721224 -0.8791244 0.4276747 0.4276747 -0.7963597 0.6610483 0.3550074 -0.6610483 -0.5773503 0.5773503 -0.5773503 -0.3550074 0.6610483 -0.6610483 -0.0523066 0.7061388 -0.7061388 0.0000000 0.7071068 -0.7071068 0.0000000 0.7071068 -0.7071068 0.0000000 0.7071068 -0.7071068 0.0000000 0.7071068 -0.7071068 0.0000000 0.7071068 -0.7071068 0.0000000 0.7071068 -0.7071068 0.0000000 0.7071068 -0.7071068 0.0523066 0.7061388 -0.7061388 0.3550074 0.6610483 -0.6610483 0.5773503 0.5773503 -0.5773503 -0.5773503 -0.5773503 0.5773503 -0.3550074 -0.6610483 0.6610483 -0.0523066 -0.7061388 0.7061388 0.0000000 -0.7071068 0.7071068 0.0000000 -0.7071068 0.7071068 0.0000000 -0.7071068 0.7071068 0.0000000 -0.7071068 0.7071068 0.0000000 -0.7071068 0.7071068 0.0000000 -0.7071068 0.7071068 0.0000000 -0.7071068 0.7071068 0.0523066 -0.7061388 0.7061388 0.3550074 -0.6610483 0.6610483 0.5773503 -0.5773503 0.5773503 -0.6610483 -0.3550074 0.6610483 -0.4276747 -0.4276747 0.7963597 -0.0651203 -0.4721224 0.8791244 0.0000000 -0.4731266 0.8809944 0.0000000 -0.4731266 0.8809944 0.0000000 -0.4731266 0.8809944 0.0000000 -0.4731266 0.8809944 0.0000000 -0.4731266 0.8809944 0.0000000 -0.4731266 0.8809944 0.0000000 -0.4731266 0.8809944 0.0651203 -0.4721224 0.8791244 0.4276747 -0.4276747 0.7963597 0.6610483 -0.3550074 0.6610483 -0.7061388 -0.0523066 0.7061388 -0.4721224 -0.0651203 0.8791244 -0.0736709 -0.0736709 0.9945578 0.0000000 -0.0738717 0.9972678 0.0000000 -0.0738717 0.9972678 0.0000000 -0.0738717 0.9972678 0.0000000 -0.0738717 0.9972678 0.0000000 -0.0738717 0.9972678 0.0000000 -0.0738717 0.9972678 0.0000000 -0.0738717 0.9972678 0.0736709 -0.0736709 0.9945578 0.4721224 -0.0651203 0.8791244 0.7061388 -0.0523066 0.7061388 -0.7071068 0.0000000 0.7071068 -0.4731266 0.0000000 0.8809944 -0.0738717 0.0000000 0.9972678 0.0000000 0.0000000 1.0000000 0.0000000 0.0000000 1.0000000 0.0000000 0.0000000 1.0000000 0.0000000 0.0000000 1.0000000 0.0000000 0.0000000 1.0000000 0.0000000 0.0000000 1.0000000 0.0000000 0.0000000 1.0000000 0.0738717 0.0000000 0.9972678 0.4731266 0.0000000 0.8809944 0.7071068 0.0000000 0.7071068 -0.7071068 0.0000000 0.7071068 -0.4731266 0.0000000 0.8809944 -0.0738717 0.0000000 0.9972678 0.0000000 0.0000000 1.0000000 0.0000000 0.0000000 1.0000000 0.0000000 0.0000000 1.0000000 0.0000000 0.0000000 1.0000000 0.0000000 0.0000000 1.0000000 0.0000000 0.0000000 1.0000000 0.0000000 0.0000000 1.0000000 0.0738717 0.0000000 0.9972678 0.4731266 0.0000000 0.8809944 0.7071068 0.0000000 0.7071068 -0.7071068 0.0000000 0.7071068 -0.4731266 0.0000000 0.8809944 -0.0738717 0.0000000 0.9972678 0.0000000 0.0000000 1.0000000 0.0000000 0.0000000 1.0000000 0.0000000 0.0000000 1.0000000 0.0000000 0.0000000 1.0000000 0.0000000 0.0000000 1.0000000 0.0000000 0.0000000 1.0000000 0.0000000 0.0000000 1.0000000 0.0738717 0.0000000 0.9972678 0.4731266 0.0000000 0.8809944 0.7071068 0.0000000 0.7071068 -0.7071068 0.0000000 0.7071068 -0.4731266 0.0000000 0.8809944 -0.0738717 0.0000000 0.9972678 0.0000000 0.0000000 1.0000000 0.0000000 0.0000000 1.0000000 0.0000000 0.0000000 1.0000000 0.0000000 0.0000000 1.0000000 0.0000000 0.0000000 1.0000000 0.0000000 0.0000000 1.0000000 0.0000000 0.0000000 1.0000000 0.0738717 0.0000000 0.9972678 0.4731266 0.0000000 0.8809944 0.7071068 0.0000000 0.7071068 -0.7071068 0.0000000 0.7071068 -0.4731266 0.0000000 0.8809944 -0.0738717 0.0000000 0.9972678 0.0000000 0.0000000 1.0000000 0.0000000 0.0000000 1.0000000 0.0000000 0.0000000 1.0000000 0.0000000 0.0000000 1.0000000 0.0000000 0.0000000 1.0000000 0.0000000 0.0000000 1.0000000 0.0000000 0.0000000 1.0000000 0.0738717 0.0000000 0.9972678 0.4731266 0.0000000 0.8809944 0.7071068 0.0000000 0.7071068 -0.7071068 0.0000000 0.7071068 -0.4731266 0.0000000 0.8809944 -0.0738717 0.0000000 0.9972678 0.0000000 0.0000000 1.0000000 0.0000000 0.0000000 1.0000000 0.0000000 0.0000000 1.0000000 0.0000000 0.0000000 1.0000000 0.0000000 0.0000000 1.0000000 0.0000000 0.0000000 1.0000000 0.0000000 0.0000000 1.0000000 0.0738717 0.0000000 0.9972678 0.4731266 0.0000000 0.8809944 0.7071068 0.0000000 0.7071068 -0.7071068 0.0000000 0.7071068 -0.4731266 0.0000000 0.8809944 -0.0738717 0.0000000 0.9972678 0.0000000 0.0000000 1.0000000 0.0000000 0.0000000 1.0000000 0.0000000 0.0000000 1.0000000 0.0000000 0.0000000 1.0000000 0.0000000 0.0000000 1.0000000 0.0000000 0.0000000 1.0000000 0.0000000 0.0000000 1.0000000 0.0738717 0.0000000 0.9972678 0.4731266 0.0000000 0.8809944 0.7071068 0.0000000 0.7071068 -0.7061388 0.0523066 0.7061388 -0.4721224 0.0651203 0.8791244 -0.0736709 0.0736709 0.9945578 0.0000000 0.0738717 0.9972678 0.0000000 0.0738717 0.9972678 0.0000000 0.0738717 0.9972678 0.0000000 0.0738717 0.9972678 0.0000000 0.0738717 0.9972678 0.0000000 0.0738717 0.9972678 0.0000000 0.0738717 0.9972678 0.0736709 0.0736709 0.9945578 0.4721224 0.0651203 0.8791244 0.7061388 0.0523066 0.7061388 -0.6610483 0.3550074 0.6610483 -0.4276747 0.4276747 0.7963597 -0.0651203 0.4721224 0.8791244 0.0000000 0.4731266 0.8809944 0.0000000 0.4731266 0.8809944 0.0000000 0.4731266 0.8809944 0.0000000 0.4731266 0.8809944 0.0000000 0.4731266 0.8809944 0.0000000 0.4731266 0.8809944 0.0000000 0.4731266 0.8809944 0.0651203 0.4721224 0.8791244 0.4276747 0.4276747 0.7963597 0.6610483 0.3550074 0.6610483 -0.5773503 0.5773503 0.5773503 -0.3550074 0.6610483 0.6610483 -0.0523066 0.7061388 0.7061388 0.0000000 0.7071068 0.7071068 0.0000000 0.7071068 0.7071068 0.0000000 0.7071068 0.7071068 0.0000000 0.7071068 0.7071068 0.0000000 0.7071068 0.7071068 0.0000000 0.7071068 0.7071068 0.0000000 0.7071068 0.7071068 0.0523066 0.7061388 0.7061388 0.3550074 0.6610483 0.6610483 0.5773503 0.5773503 0.5773503</float_array><technique_common><accessor source="#normals-data" count="1014" stride="3"><param name="X" type="float"/><param name="Y" type="float"/><param name="Z" type="float"/></accessor></technique_common></source><vertices id="vertices"><input semantic="POSITION" source="#positions"/></vertices><triangles count="1728"><input semantic="VERTEX" source="#vertices" offset="0"/><input semantic="NORMAL" source="#normals" offset="1"/><p>0 0 14 14 1 1 0 0 13 13 14 14 1 1 15 15 2 2 1 1 14 14 15 15 2 2 16 16 3 3 2 2 15 15 16 16 3 3 17 17 4 4 3 3 16 16 17 17 4 4 18 18 5 5 4 4 17 17 18 18 5 5 19 19 6 6 5 5 18 18 19 19 6 6 20 20 7 7 6 6 19 19 20 20 7 7 21 21 8 8 7 7 20 20 21 21 8 8 22 22 9 9 8 8 21 21 22 22 9 9 23 23 10 10 9 9 22 22 23 23 10 10 24 24 11 11 10 10 23 23 24 24 11 11 25 25 12 12 11 11 24 24 25 25 13 13 27 27 14 14 13 13 26 26 27 27 14 14 28 28 15 15 14 14 27 27 28 28 15 15 29 29 16 16 15 15 28 28 29 29 16 16 30 30 17 17 16 16 29 29 30 30 17 17 31 31 18 18 17 17 30 30 31 31 18 18 32 32 19 19 18 18 31 31 32 32 19 19 33 33 20 20 19 19 32 32 33 33 20 20 34 34 21 21 20 20 33 33 34 34 21 21 35 35 22 22 21 21 34 34 35 35 22 22 36 36 23 23 22 22 35 35 36 36 23 23 37 37 24 24 23 23 36 36 37 37 24 24 38 38 25 25 24 24 37 37 38 38 26 26 40 40 27 27 26 26 39 39 40 40 27 27 41 41 28 28 27 27 40 40 41 41 28 28 42 42 29 29 28 28 41 41 42 42 29 29 43 43 30 30 29 29 42 42 43 43 30 30 44 44 31 31 30 30 43 43 44 44 31 31 45 45 32 32 31 31 44 44 45 45 32 32 46 46 33 33 32 32 45 45 46 46 33 33 47 47 34 34 33 33 46 46 47 47 34 34 48 48 35 35 34 34 47 47 48 48 35 35 49 49 36 36 35 35 48 48 49 49 36 36 50 50 37 37 36 36 49 49 50 50 37 37 51 51 38 38 37 37 50 50 51 51 39 39 53 53 40 40 39 39 52 52 53 53 40 40 54 54 41 41 40 40 53 53 54 54 41 41 55 55 42 42 41 41 54 54 55 55 42 42 56 56 43 43 42 42 55 55 56 56 43 43 57 57 44 44 43 43 56 56 57 57 44 44 58 58 45 45 44 44 57 57 58 58 45 45 59 59 46 46 45 45 58 58 59 59 46 46 60 60 47 47 46 46 59 59 60 60 47 47 61 61 48 48 47 47 60 60 61 61 48 48 62 62 49 49 48 48 61 61 62 62 49 49 63 63 50 50 49 49 62 62 63 63 50 50 64 64 51 51 50 50 63 63 64 64 52 52 66 66 53 53 52 52 65 65 66 66 53 53 67 67 54 54 53 53 66 66 67 67 54 54 68 68 55 55 54 54 67 67 68 68 55 55 69 69 56 56 55 55 68 68 69 69 56 56 70 70 57 57 56 56 69 69 70 70 57 57 71 71 58 58 57 57 70 70 71 71 58 58 72 72 59 59 58 58 71 71 72 72 59 59 73 73 60 60 59 59 72 72 73 73 60 60 74 74 61 61 60 60 73 73 74 74 61 61 75 75 62 62 61 61 74 74 75 75 62 62 76 76 63 63 62 62 75 75 76 76 63 63 77 77 64 64 63 63 76 76 77 77 65 65 79 79 66 66 65 65 78 78 79 79 66 66 80 80 67 67 66 66 79 79 80 80 67 67 81 81 68 68 67 67 80 80 81 81 68 68 82 82 69 69 68 68 81 81 82 82 69 69 83 83 70 70 69 69 82 82 83 83 70 70 84 84 71 71 70 70 83 83 84 84 71 71 85 85 72 72 71 71 84 84 85 85 72 72 86 86 73 73 72 72 85 85 86 86 73 73 87 87 74 74 73 73 86 86 87 87 74 74 88 88 75 75 74 74 87 87 88 88 75 75 89 89 76 76 75 75 88 88 89 89 76 76 90 90 77 77 76 76 89 89 90 90 78 78 92 92 79 79 78 78 91 91 92 92 79 79 93 93 80 80 79 79 92 92 93 93 80 80 94 94 81 81 80 80 93 93 94 94 81 81 95 95 82 82 81 81 94 94 95 95 82 82 96 96 83 83 82 82 95 95 96 96 83 83 97 97 84 84 83 83 96 96 97 97 84 84 98 98 85 85 84 84 97 97 98 98 85 85 99 99 86 86 85 85 98 98 99 99 86 86 100 100 87 87 86 86 99 99 100 100 87 87 101 101 88 88 87 87 100 100 101 101 88 88 102 102 89 89 88 88 101 101 102 102 89 89 103 103 90 90 89 89 102 102 103 103 91 91 105 105 92 92 91 91 104 104 105 105 92 92 106 106 93 93 92 92 105 105 106 106 93 93 107 107 94 94 93 93 106 106 107 107 94 94 108 108 95 95 94 94 107 107 108 108 95 95 109 109 96 96 95 95 108 108 109 109 96 96 110 110 97 97 96 96 109 109 110 110 97 97 111 111 98 98 97 97 110 110 111 111 98 98 112 112 99 99 98 98 111 111 112 112 99 99 113 113 100 100 99 99 112 112 113 113 100 100 114 114 101 101 100 100 113 113 114 114 101 101 115 115 102 102 101 101 114 114 115 115 102 102 116 116 103 103 102 102 115 115 116 116 104 104 118 118 105 105 104 104 117 117 118 118 105 105 119 119 106 106 105 105 118 118 119 119 106 106 120 120 107 107 106 106 119 119 120 120 107 107 121 121 108 108 107 107 120 120 121 121 108 108 122 122 109 109 108 108 121 121 122 122 109 109 123 123 110 110 109 109 122 122 123 123 110 110 124 124 111 111 110 110 123 123 124 124 111 111 125 125 112 112 111 111 124 124 125 125 112 112 126 126 113 113 112 112 125 125 126 126 113 113 127 127 114 114 113 113 126 126 127 127 114 114 128 128 115 115 114 114 127 127 128 128 115 115 129 129 116 116 115 115 128 128 129 129 117 117 131 131 118 118 117 117 130 130 131 131 118 118 132 132 119 119 118 118 131 131 132 132 119 119 133 133 120 120 119 119 132 132 133 133 120 120 134 134 121 121 120 120 133 133 134 134 121 121 135 135 122 122 121 121 134 134 135 135 122 122 136 136 123 123 122 122 135 135 136 136 123 123 137 137 124 124 123 123 136 136 137 137 124 124 138 138 125 125 124 124 137 137 138 138 125 125 139 139 126 126 125 125 138 138 139 139 126 126 140 140 127 127 126 126 139 139 140 140 127 127 141 141 128 128 127 127 140 140 141 141 128 128 142 142 129 129 128 128 141 141 142 142 130 130 144 144 131 131 130 130 143 143 144 144 131 131 145 145 132 132 131 131 144 144 145 145 132 132 146 146 133 133 132 132 145 145 146 146 133 133 147 147 134 134 133 133 146 146 147 147 134 134 148 148 135 135 134 134 147 147 148 148 135 135 149 149 136 136 135 135 148 148 149 149 136 136 150 150 137 137 136 136 149 149 150 150 137 137 151 151 138 138 137 137 150 150 151 151 138 138 152 152 139 139 138 138 151 151 152 152 139 139 153 153 140 140 139 139 152 152 153 153 140 140 154 154 141 141 140 140 153 153 154 154 141 141 155 155 142 142 141 141 154 154 155 155 143 143 157 157 144 144 143 143 156 156 157 157 144 144 158 158 145 145 144 144 157 157 158 158 145 145 159 159 146 146 145 145 158 158 159 159 146 146 160 160 147 147 146 146 159 159 160 160 147 147 161 161 148 148 147 147 160 160 161 161 148 148 162 162 149 149 148 148 161 161 162 162 149 149 163 163 150 150 149 149 162 162 163 163 150 150 164 164 151 151 150 150 163 163 164 164 151 151 165 165 152 152 151 151 164 164 165 165 152 152 166 166 153 153 152 152 165 165 166 166 153 153 167 167 154 154 153 153 166 166 167 167 154 154 168 168 155 155 154 154 167 167 168 168 169 169 170 170 183 183 169 169 183 183 182 182 170 170 171 171 184 184 170 170 184 184 183 183 171 171 172 172 185 185 171 171 185 185 184 184 172 172 173 173 186 186 172 172 186 186 185 185 173 173 174 174 187 187 173 173 187 187 186 186 174 174 175 175 188 188 174 174 188 188 187 187 175 175 176 176 189 189 175 175 189 189 188 188 176 176 177 177 190 190 176 176 190 190 189 189 177 177 178 178 191 191 177 177 191 191 190 190 178 178 179 179 192 192 178 178 192 192 191 191 179 179 180 180 193 193 179 179 193 193 192 192 180 180 181 181 194 194 180 180 194 194 193 193 182 182 183 183 196 196 182 182 196 196 195 195 183 183 184 184 197 197 183 183 197 197 196 196 184 184 185 185 198 198 184 184 198 198 197 197 185 185 186 186 199 199 185 185 199 199 198 198 186 186 187 187 200 200 186 186 200 200 199 199 187 187 188 188 201 201 187 187 201 201 200 200 188 188 189 189 202 202 188 188 202 202 201 201 189 189 190 190 203 203 189 189 203 203 202 202 190 190 191 191 204 204 190 190 204 204 203 203 191 191 192 192 205 205 191 191 205 205 204 204 192 192 193 193 206 206 192 192 206 206 205 205 193 193 194 194 207 207 193 193 207 207 206 206 195 195 196 196 209 209 195 195 209 209 208 208 196 196 197 197 210 210 196 196 210 210 209 209 197 197 198 198 211 211 197 197 211 211 210 210 198 198 199 199 212 212 198 198 212 212 211 211 199 199 200 200 213 213 199 199 213 213 212 212 200 200 201 201 214 214 200 200 214 214 213 213 201 201 202 202 215 215 201 201 215 215 214 214 202 202 203 203 216 216 202 202 216 216 215 215 203 203 204 204 217 217 203 203 217 217 216 216 204 204 205 205 218 218 204 204 218 218 217 217 205 205 206 206 219 219 205 205 219 219 218 218 206 206 207 207 220 220 206 206 220 220 219 219 208 208 209 209 222 222 208 208 222 222 221 221 209 209 210 210 223 223 209 209 223 223 222 222 210 210 211 211 224 224 210 210 224 224 223 223 211 211 212 212 225 225 211 211 225 225 224 224 212 212 213 213 226 226 212 212 226 226 225 225 213 213 214 214 227 227 213 213 227 227 226 226 214 214 215 215 228 228 214 214 228 228 227 227 215 215 216 216 229 229 215 215 229 229 228 228 216 216 217 217 230 230 216 216 230 230 229 229 217 217 218 218 231 231 217 217 231 231 230 230 218 218 219 219 232 232 218 218 232 232 231 231 219 219 220 220 233 233 219 219 233 233 232 232 221 221 222 222 235 235 221 221 235 235 234 234 222 222 223 223 236 236 222 222 236 236 235 235 223 223 224 224 237 237 223 223 237 237 236 236 224 224 225 225 238 238 224 224 238 238 237 237 225 225 226 226 239 239 225 225 239 239 238 238 226 226 227 227 240 240 226 226 240 240 239 239 227 227 228 228 241 241 227 227 241 241 240 240 228 228 229 229 242 242 228 228 242 242 241 241 229 229 230 230 243 243 229 229 243 243 242 242 230 230 231 231 244 244 230 230 244 244 243 243 231 231 232 232 245 245 231 231 245 245 244 244 232 232 233 233 246 246 232 232 246 246 245 245 234 234 235 235 248 248 234 234 248 248 247 247 235 235 236 236 249 249 235 235 249 249 248 248 236 236 237 237 250 250 236 236 250 250 249 249 237 237 238 238 251 251 237 237 251 251 250 250 238 238 239 239 252 252 238 238 252 252 251 251 239 239 240 240 253 253 239 239 253 253 252 252 240 240 241 241 254 254 240 240 254 254 253 253 241 241 242 242 255 255 241 241 255 255 254 254 242 242 243 243 256 256 242 242 256 256 255 255 243 243 244 244 257 257 243 243 257 257 256 256 244 244 245 245 258 258 244 244 258 258 257 257 245 245 246 246 259 259 245 245 259 259 258 258 247 247 248 248 261 261 247 247 261 261 260 260 248 248 249 249 262 262 248 248 262 262 261 261 249 249 250 250 263 263 249 249 263 263 262 262 250 250 251 251 264 264 250 250 264 264 263 263 251 251 252 252 265 265 251 251 265 265 264 264 252 252 253 253 266 266 252 252 266 266 265 265 253 253 254 254 267 267 253 253 267 267 266 266 254 254 255 255 268 268 254 254 268 268 267 267 255 255 256 256 269 269 255 255 269 269 268 268 256 256 257 257 270 270 256 256 270 270 269 269 257 257 258 258 271 271 257 257 271 271 270 270 258 258 259 259 272 272 258 258 272 272 271 271 260 260 261 261 274 274 260 260 274 274 273 273 261 261 262 262 275 275 261 261 275 275 274 274 262 262 263 263 276 276 262 262 276 276 275 275 263 263 264 264 277 277 263 263 277 277 276 276 264 264 265 265 278 278 264 264 278 278 277 277 265 265 266 266 279 279 265 265 279 279 278 278 266 266 267 267 280 280 266 266 280 280 279 279 267 267 268 268 281 281 267 267 281 281 280 280 268 268 269 269 282 282 268 268 282 282 281 281 269 269 270 270 283 283 269 269 283 283 282 282 270 270 271 271 284 284 270 270 284 284 283 283 271 271 272 272 285 285 271 271 285 285 284 284 273 273 274 274 287 287 273 273 287 287 286 286 274 274 275 275 288 288 274 274 288 288 287 287 275 275 276 276 289 289 275 275 289 289 288 288 276 276 277 277 290 290 276 276 290 290 289 289 277 277 278 278 291 291 277 277 291 291 290 290 278 278 279 279 292 292 278 278 292 292 291 291 279 279 280 280 293 293 279 279 293 293 292 292 280 280 281 281 294 294 280 280 294 294 293 293 281 281 282 282 295 295 281 281 295 295 294 294 282 282 283 283 296 296 282 282 296 296 295 295 283 283 284 284 297 297 283 283 297 297 296 296 284 284 285 285 298 298 284 284 298 298 297 297 286 286 287 287 300 300 286 286 300 300 299 299 287 287 288 288 301 301 287 287 301 301 300 300 288 288 289 289 302 302 288 288 302 302 301 301 289 289 290 290 303 303 289 289 303 303 302 302 290 290 291 291 304 304 290 290 304 304 303 303 291 291 292 292 305 305 291 291 305 305 304 304 292 292 293 293 306 306 292 292 306 306 305 305 293 293 294 294 307 307 293 293 307 307 306 306 294 294 295 295 308 308 294 294 308 308 307 307 295 295 296 296 309 309 295 295 309 309 308 308 296 296 297 297 310 310 296 296 310 310 309 309 297 297 298 298 311 311 297 297 311 311 310 310 299 299 300 300 313 313 299 299 313 313 312 312 300 300 301 301 314 314 300 300 314 314 313 313 301 301 302 302 315 315 301 301 315 315 314 314 302 302 303 303 316 316 302 302 316 316 315 315 303 303 304 304 317 317 303 303 317 317 316 316 304 304 305 305 318 318 304 304 318 318 317 317 305 305 306 306 319 319 305 305 319 319 318 318 306 306 307 307 320 320 306 306 320 320 319 319 307 307 308 308 321 321 307 307 321 321 320 320 308 308 309 309 322 322 308 308 322 322 321 321 309 309 310 310 323 323 309 309 323 323 322 322 310 310 311 311 324 324 310 310 324 324 323 323 312 312 313 313 326 326 312 312 326 326 325 325 313 313 314 314 327 327 313 313 327 327 326 326 314 314 315 315 328 328 314 314 328 328 327 327 315 315 316 316 329 329 315 315 329 329 328 328 316 316 317 317 330 330 316 316 330 330 329 329 317 317 318 318 331 331 317 317 331 331 330 330 318 318 319 319 332 332 318 318 332 332 331 331 319 319 320 320 333 333 319 319 333 333 332 332 320 320 321 321 334 334 320 320 334 334 333 333 321 321 322 322 335 335 321 321 335 335 334 334 322 322 323 323 336 336 322 322 336 336 335 335 323 323 324 324 337 337 323 323 337 337 336 336 338 338 352 352 339 339 338 338 351 351 352 352 339 339 353 353 340 340 339 339 352 352 353 353 340 340 354 354 341 341 340 340 353 353 354 354 341 341 355 355 342 342 341 341 354 354 355 355 342 342 356 356 343 343 342 342 355 355 356 356 343 343 357 357 344 344 343 343 356 356 357 357 344 344 358 358 345 345 344 344 357 357 358 358 345 345 359 359 346 346 345 345 358 358 359 359 346 346 360 360 347 347 346 346 359 359 360 360 347 347 361 361 348 348 347 347 360 360 361 361 348 348 362 362 349 349 348 348 361 361 362 362 349 349 363 363 350 350 349 349 362 362 363 363 351 351 365 365 352 352 351 351 364 364 365 365 352 352 366 366 353 353 352 352 365 365 366 366 353 353 367 367 354 354 353 353 366 366 367 367 354 354 368 368 355 355 354 354 367 367 368 368 355 355 369 369 356 356 355 355 368 368 369 369 356 356 370 370 357 357 356 356 369 369 370 370 357 357 371 371 358 358 357 357 370 370 371 371 358 358 372 372 359 359 358 358 371 371 372 372 359 359 373 373 360 360 359 359 372 372 373 373 360 360 374 374 361 361 360 360 373 373 374 374 361 361 375 375 362 362 361 361 374 374 375 375 362 362 376 376 363 363 362 362 375 375 376 376 364 364 378 378 365 365 364 364 377 377 378 378 365 365 379 379 366 366 365 365 378 378 379 379 366 366 380 380 367 367 366 366 379 379 380 380 367 367 381 381 368 368 367 367 380 380 381 381 368 368 382 382 369 369 368 368 381 381 382 382 369 369 383 383 370 370 369 369 382 382 383 383 370 370 384 384 371 371 370 370 383 383 384 384 371 371 385 385 372 372 371 371 384 384 385 385 372 372 386 386 373 373 372 372 385 385 386 386 373 373 387 387 374 374 373 373 386 386 387 387 374 374 388 388 375 375 374 374 387 387 388 388 375 375 389 389 376 376 375 375 388 388 389 389 377 377 391 391 378 378 377 377 390 390 391 391 378 378 392 392 379 379 378 378 391 391 392 392 379 379 393 393 380 380 379 379 392 392 393 393 380 380 394 394 381 381 380 380 393 393 394 394 381 381 395 395 382 382 381 381 394 394 395 395 382 382 396 396 383 383 382 382 395 395 396 396 383 383 397 397 384 384 383 383 396 396 397 397 384 384 398 398 385 385 384 384 397 397 398 398 385 385 399 399 386 386 385 385 398 398 399 399 386 386 400 400 387 387 386 386 399 399 400 400 387 387 401 401 388 388 387 387 400 400 401 401 388 388 402 402 389 389 388 388 401 401 402 402 390 390 404 404 391 391 390 390 403 403 404 404 391 391 405 405 392 392 391 391 404 404 405 405 392 392 406 406 393 393 392 392 405 405 406 406 393 393 407 407 394 394 393 393 406 406 407 407 394 394 408 408 395 395 394 394 407 407 408 408 395 395 409 409 396 396 395 395 408 408 409 409 396 396 410 410 397 397 396 396 409 409 410 410 397 397 411 411 398 398 397 397 410 410 411 411 398 398 412 412 399 399 398 398 411 411 412 412 399 399 413 413 400 400 399 399 412 412 413 413 400 400 414 414 401 401 400 400 413 413 414 414 401 401 415 415 402 402 401 401 414 414 415 415 403 403 417 417 404 404 403 403 416 416 417 417 404 404 418 418 405 405 404 404 417 417 418 418 405 405 419 419 406 406 405 405 418 418 419 419 406 406 420 420 407 407 406 406 419 419 420 420 407 407 421 421 408 408 407 407 420 420 421 421 408 408 422 422 409 409 408 408 421 421 422 422 409 409 423 423 410 410 409 409 422 422 423 423 410 410 424 424 411 411 410 410 423 423 424 424 411 411 425 425 412 412 411 411 424 424 425 425 412 412 426 426 413 413 412 412 425 425 426 426 413 413 427 427 414 414 413 413 426 426 427 427 414 414 428 428 415 415 414 414 427 427 428 428 416 416 430 430 417 417 416 416 429 429 430 430 417 417 431 431 418 418 417 417 430 430 431 431 418 418 432 432 419 419 418 418 431 431 432 432 419 419 433 433 420 420 419 419 432 432 433 433 420 420 434 434 421 421 420 420 433 433 434 434 421 421 435 435 422 422 421 421 434 434 435 435 422 422 436 436 423 423 422 422 435 435 436 436 423 423 437 437 424 424 423 423 436 436 437 437 424 424 438 438 425 425 424 424 437 437 438 438 425 425 439 439 426 426 425 425 438 438 439 439 426 426 440 440 427 427 426 426 439 439 440 440 427 427 441 441 428 428 427 427 440 440 441 441 429 429 443 443 430 430 429 429 442 442 443 443 430 430 444 444 431 431 430 430 443 443 444 444 431 431 445 445 432 432 431 431 444 444 445 445 432 432 446 446 433 433 432 432 445 445 446 446 433 433 447 447 434 434 433 433 446 446 447 447 434 434 448 448 435 435 434 434 447 447 448 448 435 435 449 449 436 436 435 435 448 448 449 449 436 436 450 450 437 437 436 436 449 449 450 450 437 437 451 451 438 438 437 437 450 450 451 451 438 438 452 452 439 439 438 438 451 451 452 452 439 439 453 453 440 440 439 439 452 452 453 453 440 440 454 454 441 441 440 440 453 453 454 454 442 442 456 456 443 443 442 442 455 455 456 456 443 443 457 457 444 444 443 443 456 456 457 457 444 444 458 458 445 445 444 444 457 457 458 458 445 445 459 459 446 446 445 445 458 458 459 459 446 446 460 460 447 447 446 446 459 459 460 460 447 447 461 461 448 448 447 447 460 460 461 461 448 448 462 462 449 449 448 448 461 461 462 462 449 449 463 463 450 450 449 449 462 462 463 463 450 450 464 464 451 451 450 450 463 463 464 464 451 451 465 465 452 452 451 451 464 464 465 465 452 452 466 466 453 453 452 452 465 465 466 466 453 453 467 467 454 454 453 453 466 466 467 467 455 455 469 469 456 456 455 455 468 468 469 469 456 456 470 470 457 457 456 456 469 469 470 470 457 457 471 471 458 458 457 457 470 470 471 471 458 458 472 472 459 459 458 458 471 471 472 472 459 459 473 473 460 460 459 459 472 472 473 473 460 460 474 474 461 461 460 460 473 473 474 474 461 461 475 475 462 462 461 461 474 474 475 475 462 462 476 476 463 463 462 462 475 475 476 476 463 463 477 477 464 464 463 463 476 476 477 477 464 464 478 478 465 465 464 464 477 477 478 478 465 465 479 479 466 466 465 465 478 478 479 479 466 466 480 480 467 467 466 466 479 479 480 480 468 468 482 482 469 469 468 468 481 481 482 482 469 469 483 483 470 470 469 469 482 482 483 483 470 470 484 484 471 471 470 470 483 483 484 484 471 471 485 485 472 472 471 471 484 484 485 485 472 472 486 486 473 473 472 472 485 485 486 486 473 473 487 487 474 474 473 473 486 486 487 487 474 474 488 488 475 475 474 474 487 487 488 488 475 475 489 489 476 476 475 475 488 488 489 489 476 476 490 490 477 477 476 476 489 489 490 490 477 477 491 491 478 478 477 477 490 490 491 491 478 478 492 492 479 479 478 478 491 491 492 492 479 479 493 493 480 480 479 479 492 492 493 493 481 481 495 495 482 482 481 481 494 494 495 495 482 482 496 496 483 483 482 482 495 495 496 496 483 483 497 497 484 484 483 483 496 496 497 497 484 484 498 498 485 485 484 484 497 497 498 498 485 485 499 499 486 486 485 485 498 498 499 499 486 486 500 500 487 487 486 486 499 499 500 500 487 487 501 501 488 488 487 487 500 500 501 501 488 488 502 502 489 489 488 488 501 501 502 502 489 489 503 503 490 490 489 489 502 502 503 503 490 490 504 504 491 491 490 490 503 503 504 504 491 491 505 505 492 492 491 491 504 504 505 505 492 492 506 506 493 493 492 492 505 505 506 506 507 507 508 508 521 521 507 507 521 521 520 520 508 508 509 509 522 522 508 508 522 522 521 521 509 509 510 510 523 523 509 509 523 523 522 522 510 510 511 511 524 524 510 510 524 524 523 523 511 511 512 512 525 525 511 511 525 525 524 524 512 512 513 513 526 526 512 512 526 526 525 525 513 513 514 514 527 527 513 513 527 527 526 526 514 514 515 515 528 528 514 514 528 528 527 527 515 515 516 516 529 529 515 515 529 529 528 528 516 516 517 517 530 530 516 516 530 530 529 529 517 517 518 518 531 531 517 517 531 531 530 530 518 518 519 519 532 532 518 518 532 532 531 531 520 520 521 521 534 534 520 520 534 534 533 533 521 521 522 522 535 535 521 521 535 535 534 534 522 522 523 523 536 536 522 522 536 536 535 535 523 523 524 524 537 537 523 523 537 537 536 536 524 524 525 525 538 538 524 524 538 538 537 537 525 525 526 526 539 539 525 525 539 539 538 538 526 526 527 527 540 540 526 526 540 540 539 539 527 527 528 528 541 541 527 527 541 541 540 540 528 528 529 529 542 542 528 528 542 542 541 541 529 529 530 530 543 543 529 529 543 543 542 542 530 530 531 531 544 544 530 530 544 544 543 543 531 531 532 532 545 545 531 531 545 545 544 544 533 533 534 534 547 547 533 533 547 547 546 546 534 534 535 535 548 548 534 534 548 548 547 547 535 535 536 536 549 549 535 535 549 549 548 548 536 536 537 537 550 550 536 536 550 550 549 549 537 537 538 538 551 551 537 537 551 551 550 550 538 538 539 539 552 552 538 538 552 552 551 551 539 539 540 540 553 553 539 539 553 553 552 552 540 540 541 541 554 554 540 540 554 554 553 553 541 541 542 542 555 555 541 541 555 555 554 554 542 542 543 543 556 556 542 542 556 556 555 555 543 543 544 544 557 557 543 543 557 557 556 556 544 544 545 545 558 558 544 544 558 558 557 557 546 546 547 547 560 560 546 546 560 560 559 559 547 547 548 548 561 561 547 547 561 561 560 560 548 548 549 549 562 562 548 548 562 562 561 561 549 549 550 550 563 563 549 549 563 563 562 562 550 550 551 551 564 564 550 550 564 564 563 563 551 551 552 552 565 565 551 551 565 565 564 564 552 552 553 553 566 566 552 552 566 566 565 565 553 553 554 554 567 567 553 553 567 567 566 566 554 554 555 555 568 568 554 554 568 568 567 567 555 555 556 556 569 569 555 555 569 569 568 568 556 556 557 557 570 570 556 556 570 570 569 569 557 557 558 558 571 571 557 557 571 571 570 570 559 559 560 560 573 573 559 559 573 573 572 572 560 560 561 561 574 574 560 560 574 574 573 573 561 561 562 562 575 575 561 561 575 575 574 574 562 562 563 563 576 576 562 562 576 576 575 575 563 563 564 564 577 577 563 563 577 577 576 576 564 564 565 565 578 578 564 564 578 578 577 577 565 565 566 566 579 579 565 565 579 579 578 578 566 566 567 567 580 580 566 566 580 580 579 579 567 567 568 568 581 581 567 567 581 581 580 580 568 568 569 569 582 582 568 568 582 582 581 581 569 569 570 570 583 583 569 569 583 583 582 582 570 570 571 571 584 584 570 570 584 584 583 583 572 572 573 573 586 586 572 572 586 586 585 585 573 573 574 574 587 587 573 573 587 587 586 586 574 574 575 575 588 588 574 574 588 588 587 587 575 575 576 576 589 589 575 575 589 589 588 588 576 576 577 577 590 590 576 576 590 590 589 589 577 577 578 578 591 591 577 577 591 591 590 590 578 578 579 579 592 592 578 578 592 592 591 591 579 579 580 580 593 593 579 579 593 593 592 592 580 580 581 581 594 594 580 580 594 594 593 593 581 581 582 582 595 595 581 581 595 595 594 594 582 582 583 583 596 596 582 582 596 596 595 595 583 583 584 584 597 597 583 583 597 597 596 596 585 585 586 586 599 599 585 585 599 599 598 598 586 586 587 587 600 600 586 586 600 600 599 599 587 587 588 588 601 601 587 587 601 601 600 600 588 588 589 589 602 602 588 588 602 602 601 601 589 589 590 590 603 603 589 589 603 603 602 602 590 590 591 591 604 604 590 590 604 604 603 603 591 591 592 592 605 605 591 591 605 605 604 604 592 592 593 593 606 606 592 592 606 606 605 605 593 593 594 594 607 607 593 593 607 607 606 606 594 594 595 595 608 608 594 594 608 608 607 607 595 595 596 596 609 609 595 595 609 609 608 608 596 596 597 597 610 610 596 596 610 610 609 609 598 598 599 599 612 612 598 598 612 612 611 611 599 599 600 600 613 613 599 599 613 613 612 612 600 600 601 601 614 614 600 600 614 614 613 613 601 601 602 602 615 615 601 601 615 615 614 614 602 602 603 603 616 616 602 602 616 616 615 615 603 603 604 604 617 617 603 603 617 617 616 616 604 604 605 605 618 618 604 604 618 618 617 617 605 605 606 606 619 619 605 605 619 619 618 618 606 606 607 607 620 620 606 606 620 620 619 619 607 607 608 608 621 621 607 607 621 621 620 620 608 608 609 609 622 622 608 608 622 622 621 621 609 609 610 610 623 623 609 609 623 623 622 622 611 611 612 612 625 625 611 611 625 625 624 624 612 612 613 613 626 626 612 612 626 626 625 625 613 613 614 614 627 627 613 613 627 627 626 626 614 614 615 615 628 628 614 614 628 628 627 627 615 615 616 616 629 629 615 615 629 629 628 628 616 616 617 617 630 630 616 616 630 630 629 629 617 617 618 618 631 631 617 617 631 631 630 630 618 618 619 619 632 632 618 618 632 632 631 631 619 619 620 620 633 633 619 619 633 633 632 632 620 620 621 621 634 634 620 620 634 634 633 633 621 621 622 622 635 635 621 621 635 635 634 634 622 622 623 623 636 636 622 622 636 636 635 635 624 624 625 625 638 638 624 624 638 638 637 637 625 625 626 626 639 639 625 625 639 639 638 638 626 626 627 627 640 640 626 626 640 640 639 639 627 627 628 628 641 641 627 627 641 641 640 640 628 628 629 629 642 642 628 628 642 642 641 641 629 629 630 630 643 643 629 629 643 643 642 642 630 630 631 631 644 644 630 630 644 644 643 643 631 631 632 632 645 645 631 631 645 645 644 644 632 632 633 633 646 646 632 632 646 646 645 645 633 633 634 634 647 647 633 633 647 647 646 646 634 634 635 635 648 648 634 634 648 648 647 647 635 635 636 636 649 649 635 635 649 649 648 648 637 637 638 638 651 651 637 637 651 651 650 650 638 638 639 639 652 652 638 638 652 652 651 651 639 639 640 640 653 653 639 639 653 653 652 652 640 640 641 641 654 654 640 640 654 654 653 653 641 641 642 642 655 655 641 641 655 655 654 654 642 642 643 643 656 656 642 642 656 656 655 655 643 643 644 644 657 657 643 643 657 657 656 656 644 644 645 645 658 658 644 644 658 658 657 657 645 645 646 646 659 659 645 645 659 659 658 658 646 646 647 647 660 660 646 646 660 660 659 659 647 647 648 648 661 661 647 647 661 661 660 660 648 648 649 649 662 662 648 648 662 662 661 661 650 650 651 651 664 664 650 650 664 664 663 663 651 651 652 652 665 665 651 651 665 665 664 664 652 652 653 653 666 666 652 652 666 666 665 665 653 653 654 654 667 667 653 653 667 667 666 666 654 654 655 655 668 668 654 654 668 668 667 667 655 655 656 656 669 669 655 655 669 669 668 668 656 656 657 657 670 670 656 656 670 670 669 669 657 657 658 658 671 671 657 657 671 671 670 670 658 658 659 659 672 672 658 658 672 672 671 671 659 659 660 660 673 673 659 659 673 673 672 672 660 660 661 661 674 674 660 660 674 674 673 673 661 661 662 662 675 675 661 661 675 675 674 674 676 676 690 690 677 677 676 676 689 689 690 690 677 677 691 691 678 678 677 677 690 690 691 691 678 678 692 692 679 679 678 678 691 691 692 692 679 679 693 693 680 680 679 679 692 692 693 693 680 680 694 694 681 681 680 680 693 693 694 694 681 681 695 695 682 682 681 681 694 694 695 695 682 682 696 696 683 683 682 682 695 695 696 696 683 683 697 697 684 684 683 683 696 696 697 697 684 684 698 698 685 685 684 684 697 697 698 698 685 685 699 699 686 686 685 685 698 698 699 699 686 686 700 700 687 687 686 686 699 699 700 700 687 687 701 701 688 688 687 687 700 700 701 701 689 689 703 703 690 690 689 689 702 702 703 703 690 690 704 704 691 691 690 690 703 703 704 704 691 691 705 705 692 692 691 691 704 704 705 705 692 692 706 706 693 693 692 692 705 705 706 706 693 693 707 707 694 694 693 693 706 706 707 707 694 694 708 708 695 695 694 694 707 707 708 708 695 695 709 709 696 696 695 695 708 708 709 709 696 696 710 710 697 697 696 696 709 709 710 710 697 697 711 711 698 698 697 697 710 710 711 711 698 698 712 712 699 699 698 698 711 711 712 712 699 699 713 713 700 700 699 699 712 712 713 713 700 700 714 714 701 701 700 700 713 713 714 714 702 702 716 716 703 703 702 702 715 715 716 716 703 703 717 717 704 704 703 703 716 716 717 717 704 704 718 718 705 705 704 704 717 717 718 718 705 705 719 719 706 706 705 705 718 718 719 719 706 706 720 720 707 707 706 706 719 719 720 720 707 707 721 721 708 708 707 707 720 720 721 721 708 708 722 722 709 709 708 708 721 721 722 722 709 709 723 723 710 710 709 709 722 722 723 723 710 710 724 724 711 711 710 710 723 723 724 724 711 711 725 725 712 712 711 711 724 724 725 725 712 712 726 726 713 713 712 712 725 725 726 726 713 713 727 727 714 714 713 713 726 726 727 727 715 715 729 729 716 716 715 715 728 728 729 729 716 716 730 730 717 717 716 716 729 729 730 730 717 717 731 731 718 718 717 717 730 730 731 731 718 718 732 732 719 719 718 718 731 731 732 732 719 719 733 733 720 720 719 719 732 732 733 733 720 720 734 734 721 721 720 720 733 733 734 734 721 721 735 735 722 722 721 721 734 734 735 735 722 722 736 736 723 723 722 722 735 735 736 736 723 723 737 737 724 724 723 723 736 736 737 737 724 724 738 738 725 725 724 724 737 737 738 738 725 725 739 739 726 726 725 725 738 738 739 739 726 726 740 740 727 727 726 726 739 739 740 740 728 728 742 742 729 729 728 728 741 741 742 742 729 729 743 743 730 730 729 729 742 742 743 743 730 730 744 744 731 731 730 730 743 743 744 744 731 731 745 745 732 732 731 731 744 744 745 745 732 732 746 746 733 733 732 732 745 745 746 746 733 733 747 747 734 734 733 733 746 746 747 747 734 734 748 748 735 735 734 734 747 747 748 748 735 735 749 749 736 736 735 735 748 748 749 749 736 736 750 750 737 737 736 736 749 749 750 750 737 737 751 751 738 738 737 737 750 750 751 751 738 738 752 752 739 739 738 738 751 751 752 752 739 739 753 753 740 740 739 739 752 752 753 753 741 741 755 755 742 742 741 741 754 754 755 755 742 742 756 756 743 743 742 742 755 755 756 756 743 743 757 757 744 744 743 743 756 756 757 757 744 744 758 758 745 745 744 744 757 757 758 758 745 745 759 759 746 746 745 745 758 758 759 759 746 746 760 760 747 747 746 746 759 759 760 760 747 747 761 761 748 748 747 747 760 760 761 761 748 748 762 762 749 749 748 748 761 761 762 762 749 749 763 763 750 750 749 749 762 762 763 763 750 750 764 764 751 751 750 750 763 763 764 764 751 751 765 765 752 752 751 751 764 764 765 765 752 752 766 766 753 753 752 752 765 765 766 766 754 754 768 768 755 755 754 754 767 767 768 768 755 755 769 769 756 756 755 755 768 768 769 769 756 756 770 770 757 757 756 756 769 769 770 770 757 757 771 771 758 758 757 757 770 770 771 771 758 758 772 772 759 759 758 758 771 771 772 772 759 759 773 773 760 760 759 759 772 772 773 773 760 760 774 774 761 761 760 760 773 773 774 774 761 761 775 775 762 762 761 761 774 774 775 775 762 762 776 776 763 763 762 762 775 775 776 776 763 763 777 777 764 764 763 763 776 776 777 777 764 764 778 778 765 765 764 764 777 777 778 778 765 765 779 779 766 766 765 765 778 778 779 779 767 767 781 781 768 768 767 767 780 780 781 781 768 768 782 782 769 769 768 768 781 781 782 782 769 769 783 783 770 770 769 769 782 782 783 783 770 770 784 784 771 771 770 770 783 783 784 784 771 771 785 785 772 772 771 771 784 784 785 785 772 772 786 786 773 773 772 772 785 785 786 786 773 773 787 787 774 774 773 773 786 786 787 787 774 774 788 788 775 775 774 774 787 787 788 788 775 775 789 789 776 776 775 775 788 788 789 789 776 776 790 790 777 777 776 776 789 789 790 790 777 777 791 791 778 778 777 777 790 790 791 791 778 778 792 792 779 779 778 778 791 791 792 792 780 780 794 794 781 781 780 780 793 793 794 794 781 781 795 795 782 782 781 781 794 794 795 795 782 782 796 796 783 783 782 782 795 795 796 796 783 783 797 797 784 784 783 783 796 796 797 797 784 784 798 798 785 785 784 784 797 797 798 798 785 785 799 799 786 786 785 785 798 798 799 799 786 786 800 800 787 787 786 786 799 799 800 800 787 787 801 801 788 788 787 787 800 800 801 801 788 788 802 802 789 789 788 788 801 801 802 802 789 789 803 803 790 790 789 789 802 802 803 803 790 790 804 804 791 791 790 790 803 803 804 804 791 791 805 805 792 792 791 791 804 804 805 805 793 793 807 807 794 794 793 793 806 806 807 807 794 794 808 808 795 795 794 794 807 807 808 808 795 795 809 809 796 796 795 795 808 808 809 809 796 796 810 810 797 797 796 796 809 809 810 810 797 797 811 811 798 798 797 797 810 810 811 811 798 798 812 812 799 799 798 798 811 811 812 812 799 799 813 813 800 800 799 799 812 812 813 813 800 800 814 814 801 801 800 800 813 813 814 814 801 801 815 815 802 802 801 801 814 814 815 815 802 802 816 816 803 803 802 802 815 815 816 816 803 803 817 817 804 804 803 803 816 816 817 817 804 804 818 818 805 805 804 804 817 817 818 818 806 806 820 820 807 807 806 806 819 819 820 820 807 807 821 821 808 808 807 807 820 820 821 821 808 808 822 822 809 809 808 808 821 821 822 822 809 809 823 823 810 810 809 809 822 822 823 823 810 810 824 824 811 811 810 810 823 823 824 824 811 811 825 825 812 812 811 811 824 824 825 825 812 812 826 826 813 813 812 812 825 825 826 826 813 813 827 827 814 814 813 813 826 826 827 827 814 814 828 828 815 815 814 814 827 827 828 828 815 815 829 829 816 816 815 815 828 828 829 829 816 816 830 830 817 817 816 816 829 829 830 830 817 817 831 831 818 818 817 817 830 830 831 831 819 819 833 833 820 820 819 819 832 832 833 833 820 820 834 834 821 821 820 820 833 833 834 834 821 821 835 835 822 822 821 821 834 834 835 835 822 822 836 836 823 823 822 822 835 835 836 836 823 823 837 837 824 824 823 823 836 836 837 837 824 824 838 838 825 825 824 824 837 837 838 838 825 825 839 839 826 826 825 825 838 838 839 839 826 826 840 840 827 827 826 826 839 839 840 840 827 827 841 841 828 828 827 827 840 840 841 841 828 828 842 842 829 829 828 828 841 841 842 842 829 829 843 843 830 830 829 829 842 842 843 843 830 830 844 844 831 831 830 830 843 843 844 844 845 845 846 846 859 859 845 845 859 859 858 858 846 846 847 847 860 860 846 846 860 860 859 859 847 847 848 848 861 861 847 847 861 861 860 860 848 848 849 849 862 862 848 848 862 862 861 861 849 849 850 850 863 863 849 849 863 863 862 862 850 850 851 851 864 864 850 850 864 864 863 863 851 851 852 852 865 865 851 851 865 865 864 864 852 852 853 853 866 866 852 852 866 866 865 865 853 853 854 854 867 867 853 853 867 867 866 866 854 854 855 855 868 868 854 854 868 868 867 867 855 855 856 856 869 869 855 855 869 869 868 868 856 856 857 857 870 870 856 856 870 870 869 869 858 858 859 859 872 872 858 858 872 872 871 871 859 859 860 860 873 873 859 859 873 873 872 872 860 860 861 861 874 874 860 860 874 874 873 873 861 861 862 862 875 875 861 861 875 875 874 874 862 862 863 863 876 876 862 862 876 876 875 875 863 863 864 864 877 877 863 863 877 877 876 876 864 864 865 865 878 878 864 864 878 878 877 877 865 865 866 866 879 879 865 865 879 879 878 878 866 866 867 867 880 880 866 866 880 880 879 879 867 867 868 868 881 881 867 867 881 881 880 880 868 868 869 869 882 882 868 868 882 882 881 881 869 869 870 870 883 883 869 869 883 883 882 882 871 871 872 872 885 885 871 871 885 885 884 884 872 872 873 873 886 886 872 872 886 886 885 885 873 873 874 874 887 887 873 873 887 887 886 886 874 874 875 875 888 888 874 874 888 888 887 887 875 875 876 876 889 889 875 875 889 889 888 888 876 876 877 877 890 890 876 876 890 890 889 889 877 877 878 878 891 891 877 877 891 891 890 890 878 878 879 879 892 892 878 878 892 892 891 891 879 879 880 880 893 893 879 879 893 893 892 892 880 880 881 881 894 894 880 880 894 894 893 893 881 881 882 882 895 895 881 881 895 895 894 894 882 882 883 883 896 896 882 882 896 896 895 895 884 884 885 885 898 898 884 884 898 898 897 897 885 885 886 886 899 899 885 885 899 899 898 898 886 886 887 887 900 900 886 886 900 900 899 899 887 887 888 888 901 901 887 887 901 901 900 900 888 888 889 889 902 902 888 888 902 902 901 901 889 889 890 890 903 903 889 889 903 903 902 902 890 890 891 891 904 904 890 890 904 904 903 903 891 891 892 892 905 905 891 891 905 905 904 904 892 892 893 893 906 906 892 892 906 906 905 905 893 893 894 894 907 907 893 893 907 907 906 906 894 894 895 895 908 908 894 894 908 908 907 907 895 895 896 896 909 909 895 895 909 909 908 908 897 897 898 898 911 911 897 897 911 911 910 910 898 898 899 899 912 912 898 898 912 912 911 911 899 899 900 900 913 913 899 899 913 913 912 912 900 900 901 901 914 914 900 900 914 914 913 913 901 901 902 902 915 915 901 901 915 915 914 914 902 902 903 903 916 916 902 902 916 916 915 915 903 903 904 904 917 917 903 903 917 917 916 916 904 904 905 905 918 918 904 904 918 918 917 917 905 905 906 906 919 919 905 905 919 919 918 918 906 906 907 907 920 920 906 906 920 920 919 919 907 907 908 908 921 921 907 907 921 921 920 920 908 908 909 909 922 922 908 908 922 922 921 921 910 910 911 911 924 924 910 910 924 924 923 923 911 911 912 912 925 925 911 911 925 925 924 924 912 912 913 913 926 926 912 912 926 926 925 925 913 913 914 914 927 927 913 913 927 927 926 926 914 914 915 915 928 928 914 914 928 928 927 927 915 915 916 916 929 929 915 915 929 929 928 928 916 916 917 917 930 930 916 916 930 930 929 929 917 917 918 918 931 931 917 917 931 931 930 930 918 918 919 919 932 932 918 918 932 932 931 931 919 919 920 920 933 933 919 919 933 933 932 932 920 920 921 921 934 934 920 920 934 934 933 933 921 921 922 922 935 935 921 921 935 935 934 934 923 923 924 924 937 937 923 923 937 937 936 936 924 924 925 925 938 938 924 924 938 938 937 937 925 925 926 926 939 939 925 925 939 939 938 938 926 926 927 927 940 940 926 926 940 940 939 939 927 927 928 928 941 941 927 927 941 941 940 940 928 928 929 929 942 942 928 928 942 942 941 941 929 929 930 930 943 943 929 929 943 943 942 942 930 930 931 931 944 944 930 930 944 944 943 943 931 931 932 932 945 945 931 931 945 945 944 944 932 932 933 933 946 946 932 932 946 946 945 945 933 933 934 934 947 947 933 933 947 947 946 946 934 934 935 935 948 948 934 934 948 948 947 947 936 936 937 937 950 950 936 936 950 950 949 949 937 937 938 938 951 951 937 937 951 951 950 950 938 938 939 939 952 952 938 938 952 952 951 951 939 939 940 940 953 953 939 939 953 953 952 952 940 940 941 941 954 954 940 940 954 954 953 953 941 941 942 942 955 955 941 941 955 955 954 954 942 942 943 943 956 956 942 942 956 956 955 955 943 943 944 944 957 957 943 943 957 957 956 956 944 944 945 945 958 958 944 944 958 958 957 957 945 945 946 946 959 959 945 945 959 959 958 958 946 946 947 947 960 960 946 946 960 960 959 959 947 947 948 948 961 961 947 947 961 961 960 960 949 949 950 950 963 963 949 949 963 963 962 962 950 950 951 951 964 964 950 950 964 964 963 963 951 951 952 952 965 965 951 951 965 965 964 964 952 952 953 953 966 966 952 952 966 966 965 965 953 953 954 954 967 967 953 953 967 967 966 966 954 954 955 955 968 968 954 954 968 968 967 967 955 955 956 956 969 969 955 955 969 969 968 968 956 956 957 957 970 970 956 956 970 970 969 969 957 957 958 958 971 971 957 957 971 971 970 970 958 958 959 959 972 972 958 958 972 972 971 971 959 959 960 960 973 973 959 959 973 973 972 972 960 960 961 961 974 974 960 960 974 974 973 973 962 962 963 963 976 976 962 962 976 976 975 975 963 963 964 964 977 977 963 963 977 977 976 976 964 964 965 965 978 978 964 964 978 978 977 977 965 965 966 966 979 979 965 965 979 979 978 978 966 966 967 967 980 980 966 966 980 980 979 979 967 967 968 968 981 981 967 967 981 981 980 980 968 968 969 969 982 982 968 968 982 982 981 981 969 969 970 970 983 983 969 969 983 983 982 982 970 970 971 971 984 984 970 970 984 984 983 983 971 971 972 972 985 985 971 971 985 985 984 984 972 972 973 973 986 986 972 972 986 986 985 985 973 973 974 974 987 987 973 973 987 987 986 986 975 975 976 976 989 989 975 975 989 989 988 988 976 976 977 977 990 990 976 976 990 990 989 989 977 977 978 978 991 991 977 977 991 991 990 990 978 978 979 979 992 992 978 978 992 992 991 991 979 979 980 980 993 993 979 979 993 993 992 992 980 980 981 981 994 994 980 980 994 994 993 993 981 981 982 982 995 995 981 981 995 995 994 994 982 982 983 983 996 996 982 982 996 996 995 995 983 983 984 984 997 997 983 983 997 997 996 996 984 984 985 985 998 998 984 984 998 998 997 997 985 985 986 986 999 999 985 985 999 999 998 998 986 986 987 987 1000 1000 986 986 1000 1000 999 999 988 988 989 989 1002 1002 988 988 1002 1002 1001 1001 989 989 990 990 1003 1003 989 989 1003 1003 1002 1002 990 990 991 991 1004 1004 990 990 1004 1004 1003 1003 991 991 992 992 1005 1005 991 991 1005 1005 1004 1004 992 992 993 993 1006 1006 992 992 1006 1006 1005 1005 993 993 994 994 1007 1007 993 993 1007 1007 1006 1006 994 994 995 995 1008 1008 994 994 1008 1008 1007 1007 995 995 996 996 1009 1009 995 995 1009 1009 1008 1008 996 996 997 997 1010 1010 996 996 1010 1010 1009 1009 997 997 998 998 1011 1011 997 997 1011 1011 1010 1010 998 998 999 999 1012 1012 998 998 1012 1012 1011 1011 999 999 1000 1000 1013 1013 999 999 1013 1013 1012 1012</p></triangles></mesh></geometry></library_geometries><library_visual_scenes><visual_scene id="scene"><node id="shell-node"><instance_geometry url="#shell"/></node></visual_scene></library_visual_scenes><scene><instance_visual_scene url="#scene"/></scene></COLLADA>
